Symbol,NAME OF COMPANY,ListingDate
20MICRONS,20 Microns Limited,2008-10-06
21STCENMGM,21st Century Management Services Limited,1995-05-03
360ONE,360 ONE WAM LIMITED,2019-09-19
3BBLACKBIO,3B Blackbio Dx Limited,2026-04-20
3IINFOLTD,3i Infotech Limited,2021-10-22
3MINDIA,3M India Limited,2004-08-13
3PLAND,3P Land Holdings Limited,1995-07-19
5PAISA,5Paisa Capital Limited,2017-11-16
63MOONS,63 moons technologies limited,2005-06-20
A2ZINFRA,A2Z Infra Engineering Limited,2010-12-23
AAATECH,AAA Technologies Limited,2022-11-28
AADHARHFC,Aadhar Housing Finance Limited,2024-05-15
AAKASH,Aakash Exploration Services Limited,2020-09-29
AAREYDRUGS,Aarey Drugs & Pharmaceuticals Limited,2021-08-06
AARNAV,Aarnav Fashions Limited,2026-02-25
AARON,Aaron Industries Limited,2020-11-06
AARTECH,Aartech Solonics Limited,2023-07-10
AARTIDRUGS,Aarti Drugs Limited,2003-09-19
AARTIIND,Aarti Industries Limited,1995-02-08
AARTIPHARM,Aarti Pharmalabs Limited,2023-01-30
AARTISURF,Aarti Surfactants Limited,2020-07-14
AARVI,Aarvi Encon Limited,2020-06-24
AAVAS,Aavas Financiers Limited,2018-10-08
ABANSENT,Abans Enterprises Limited,2026-04-20
ABB,ABB India Limited,1995-02-08
ABBOTINDIA,Abbott India Limited,2010-01-08
ABCAPITAL,Aditya Birla Capital Limited,2017-09-01
ABCOTS,A B Cotspin India Limited,2025-09-24
ABDL,Allied Blenders and Distillers Limited,2024-07-02
ABFRL,Aditya Birla Fashion and Retail Limited,2013-07-17
ABINFRA,A B Infrabuild Limited,2024-11-08
ABLBL,Aditya Birla Lifestyle Brands Limited,2025-06-23
ABMINTLLTD,ABM International Limited,2021-09-09
ABMKNO,ABM Knowledgeware Limited,2026-04-20
ABREL,Aditya Birla Real Estate Limited,2003-06-27
ABSLAMC,Aditya Birla Sun Life AMC Limited,2021-10-11
ACC,ACC Limited,1996-11-20
ACCELYA,Accelya Solutions India Limited,1999-12-01
ACCURACY,Accuracy Shipping Limited,2020-12-11
ACE,Action Construction Equipment Limited,2006-09-26
ACEINTEG,Ace Integrated Solutions Limited,2022-11-04
ACI,Archean Chemical Industries Limited,2022-11-21
ACL,Andhra Cements Limited,2023-05-10
ACMESOLAR,Acme Solar Holdings Limited,2024-11-13
ACSTECH,ACS Technologies Limited,2026-04-20
ACUTAAS,Acutaas Chemicals Limited,2021-09-14
ADANIENSOL,Adani Energy Solutions Limited,2015-07-31
ADANIENT,Adani Enterprises Limited,1997-06-04
ADANIGREEN,Adani Green Energy Limited,2018-06-18
ADANIPORTS,Adani Ports and Special Economic Zone Limited,2007-11-27
ADANIPOWER,Adani Power Limited,2009-08-20
ADFFOODS,ADF Foods Limited,2010-09-15
ADL,Archidply Decor Limited,2020-10-01
ADOR,Ador Welding Limited,1995-05-10
ADROITINFO,Adroit Infotech Limited,1997-08-13
ADSL,Allied Digital Services Limited,2007-07-25
ADVAIT,Advait Energy Transitions Limited,2026-01-20
ADVANCE,Advance Agrolife Limited,2025-10-08
ADVANIHOTR,Advani Hotels & Resorts (India) Limited,2007-06-25
ADVENTHTL,Advent Hotels International Limited,2025-11-13
ADVENZYMES,Advanced Enzyme Technologies Limited,2016-08-01
AEGISLOG,Aegis Logistics Limited,1996-04-03
AEGISVOPAK,Aegis Vopak Terminals Limited,2025-06-02
AEPL,Artemis Electricals and Projects Limited,2026-03-12
AEQUS,Aequs Limited,2025-12-10
AEROENTER,Aeroflex Enterprises Limited,2022-11-21
AEROFLEX,Aeroflex Industries Limited,2023-08-31
AERONEU,Aeroflex Neu Limited,2023-01-12
AETHER,Aether Industries Limited,2022-06-03
AFCONS,Afcons Infrastructure Limited,2024-11-04
AFFLE,Affle 3i Limited,2019-08-08
AFFORDABLE,Affordable Robotic & Automation Limited,2024-10-23
AFIL,Akme Fintrade (India) Limited,2024-06-26
AFSL,Abans Financial Services Limited,2022-12-23
AGARIND,Agarwal Industrial Corporation Limited,2014-05-26
AGARWALEYE,Dr. Agarwal's Health Care Limited,2025-02-04
AGI,AGI Greenpac Limited,2000-05-31
AGIIL,Agi Infra Limited,2024-07-15
AGRITECH,Agri-Tech (India) Limited,2014-01-28
AGROPHOS,Agro Phos India Limited,2019-03-08
AHCL,Anlon Healthcare Limited,2025-09-03
AHLADA,Ahlada Engineers Limited,2021-01-28
AHLEAST,Asian Hotels (East) Limited,2010-08-11
AHLUCONT,Ahluwalia Contracts (India) Limited,2009-12-14
AHLWEST,Asian Hotels (West) Limited,2010-08-05
AIAENG,AIA Engineering Limited,2005-12-14
AIIL,Authum Investment & Infrastructure Limited,2024-04-23
AIRAN,Airan Limited,2019-05-03
AIROLAM,Airo Lam limited,2021-10-13
AJANTPHARM,Ajanta Pharma Limited,2000-05-29
AJAXENGG,Ajax Engineering Limited,2025-02-17
AJMERA,Ajmera Realty & Infra India Limited,2009-06-16
AJOONI,Ajooni Biotech Limited,2021-05-07
AKASH,Akash Infra-Projects Limited,2019-10-11
AKCAPIT,AK Capital Services Limited,2026-04-20
AKG,Akg Exim Limited,2021-02-16
AKI,AKI India Limited,2023-04-06
AKSHAR,Akshar Spintex Limited,2022-05-23
AKSHARCHEM,AksharChem India Limited,2017-03-28
AKSHOPTFBR,Aksh Optifibre Limited,2000-08-18
AKUMS,Akums Drugs and Pharmaceuticals Limited,2024-08-06
ALANKIT,Alankit Limited,2015-06-30
ALBERTDAVD,Albert David Limited,2016-06-14
ALEMBICLTD,Alembic Limited,1999-09-22
ALGOQUANT,Algoquant Fintech Limited,2026-01-06
ALICON,Alicon Castalloy Limited,2006-09-29
ALIVUS,Alivus Life Sciences Limited,2021-08-06
ALKALI,Alkali Metals Limited,2008-11-06
ALKEM,Alkem Laboratories Limited,2015-12-23
ALKYLAMINE,Alkyl Amines Chemicals Limited,2007-11-26
ALLCARGO,Allcargo Logistics Limited,2006-06-23
ALLDIGI,Alldigi Tech Limited,2005-05-09
ALLTIME,All Time Plastics Limited,2025-08-14
ALMONDZ,Almondz Global Securities Limited,2008-06-16
ALOKINDS,Alok Industries Limited,2020-02-19
ALPA,Alpa Laboratories Limited,2007-08-06
ALPHAGEO,Alphageo (India) Limited,2007-05-11
AMAGI,Amagi Media Labs Limited,2026-01-21
AMANTA,Amanta Healthcare Limited,2025-09-09
AMBALALSA,Ambalal Sarabhai Enterprises Limited,2026-04-20
AMBER,Amber Enterprises India Limited,2018-01-30
AMBICAAGAR,Ambica Agarbathies & Aroma industries Limited,2004-06-29
AMBIKCO,Ambika Cotton Mills Limited,2008-01-29
AMBUJACEM,Ambuja Cements Limited,1998-02-18
AMDIND,AMD Industries Limited,2007-03-19
AMIRCHAND,Amir Chand Jagdish Kumar (Exports) Limited,2026-04-02
AMJLAND,Amj Land Holdings Limited,1995-02-08
AMNPLST,Amines & Plasticizers Limited,2023-11-10
AMRUTANJAN,Amrutanjan Health Care Limited,2015-01-02
ANANDRATHI,Anand Rathi Wealth Limited,2021-12-14
ANANTRAJ,Anant Raj Limited,2006-09-27
ANDHRAPAP,ANDHRA PAPER LIMITED,2004-05-13
ANDHRSUGAR,The Andhra Sugars Limited,1995-11-01
ANGELONE,Angel One Limited,2020-10-05
ANIKINDS,Anik Industries Limited,2008-05-21
ANKITMETAL,Ankit Metal & Power Limited,2013-03-14
ANMOL,Anmol India Limited,2021-06-04
ANSALAPI,Ansal Properties & Infrastructure Limited,2006-01-27
ANTELOPUS,Antelopus Selan Energy Limited,2006-09-26
ANTGRAPHIC,Antarctica Limited,1997-12-31
ANTHEM,Anthem Biosciences Limited,2025-07-21
ANUHPHR,Anuh Pharma Limited,2024-12-20
ANUP,The Anup Engineering Limited,2019-03-01
ANURAS,Anupam Rasayan India Limited,2021-03-24
APARINDS,Apar Industries Limited,2004-07-12
APCL,Anjani Portland Cement Limited,2017-04-10
APCOTEXIND,Apcotex Industries Limited,1995-09-06
APEX,Apex Frozen Foods Limited,2017-09-04
APLAPOLLO,APL Apollo Tubes Limited,2011-12-14
APLLTD,Alembic Pharmaceuticals Limited,2011-09-20
APOLLO,Apollo Micro Systems Limited,2018-01-22
APOLLOHOSP,Apollo Hospitals Enterprise Limited,1996-01-10
APOLLOPIPE,Apollo Pipes Limited,2019-11-11
APOLLOTYRE,Apollo Tyres Limited,1995-05-31
APOLSINHOT,Apollo Sindoori Hotels Limited,2015-01-28
APTECHT,Aptech Limited,2002-09-27
APTUS,Aptus Value Housing Finance India Limited,2021-08-24
AQYLON,Aqylon Nexus Limited,2024-04-01
ARCHIDPLY,Archidply Industries Limited,2008-07-04
ARCHIES,Archies Limited,1998-09-02
ARE&M,Amara Raja Energy & Mobility Limited,2003-09-05
ARENTERP,Rajdarshan Industries Limited,1995-10-18
ARFIN,Arfin India Limited,2025-07-22
ARIES,Aries Agro Limited,2008-01-11
ARIHANT,Arihant Foundations & Housing Limited,2026-04-20
ARIHANTCAP,Arihant Capital Markets Limited,2021-06-15
ARIHANTSUP,Arihant Superstructures Limited,2017-03-28
ARIS,Arisinfra Solutions Limited,2025-06-25
ARKADE,Arkade Developers Limited,2024-09-24
ARMANFIN,Arman Financial Services Limited,2016-06-14
AROGRANITE,Aro Granite Industries Limited,2007-04-24
ARROWGREEN,Arrow Greentech Limited,2015-05-21
ARSHIYA,Arshiya Limited,2009-12-14
ARSSBL,Anand Rathi Share and Stock Brokers Limited,2025-09-30
ARTEMISMED,Artemis Medicare Services Limited,2020-01-23
ARTNIRMAN,Art Nirman Limited,2021-10-18
ARVEE,Arvee Laboratories (India) Limited,2021-03-22
ARVIND,Arvind Limited,1995-02-08
ARVINDFASN,Arvind Fashions Limited,2019-03-08
ARVSMART,Arvind SmartSpaces Limited,2015-08-26
ASAHIINDIA,Asahi India Glass Limited,1998-03-18
ASAHISONG,Asahi Songwon Colors Limited,2011-08-29
ASAL,Automotive Stampings and Assemblies Limited,2002-03-12
ASALCBR,Associated Alcohols & Breweries Ltd.,2020-02-12
ASHAPURMIN,Ashapura Minechem Limited,1995-09-20
ASHIANA,Ashiana Housing Limited,2011-06-29
ASHIKA,Ashika Credit Capital Limited,2026-04-20
ASHIMASYN,Ashima Limited,1995-07-27
ASHOKA,Ashoka Buildcon Limited,2010-10-14
ASHOKAMET,Ashoka Metcast Limited,2023-06-27
ASHOKLEY,Ashok Leyland Limited,1995-05-25
ASIANENE,Asian Energy Services Limited,2021-12-09
ASIANHOTNR,Asian Hotels (North) Limited,2010-04-07
ASIANPAINT,Asian Paints Limited,1995-05-31
ASIANTILES,Asian Granito India Limited,2007-08-23
ASKAUTOLTD,ASK Automotive Limited,2023-11-15
ASMS,Avio Smart Market Stack Limited,2023-02-09
ASPINWALL,Aspinwall and Company Limited,2016-06-14
ASTAR,Asian Star Company Limited,2026-04-20
ASTEC,Astec LifeSciences Limited,2009-11-25
ASTERDM,Aster DM Healthcare Limited,2018-02-26
ASTRAL,Astral Limited,2007-03-20
ASTRAMICRO,Astra Microwave Products Limited,2004-11-01
ASTRAZEN,AstraZeneca Pharma India Limited,2001-05-04
ASTRON,Astron Paper & Board Mill Limited,2017-12-29
ATALREAL,Atal Realtech Limited,2023-05-12
ATAM,Atam Valves Limited,2023-05-10
ATGL,Adani Total Gas Limited,2018-11-05
ATHERENERG,Ather Energy Limited,2025-05-06
ATL,Allcargo Terminals Limited,2023-08-10
ATLANTAA,ATLANTAA LIMITED,2006-09-25
ATLANTAELE,Atlanta Electricals Limited,2025-09-29
ATLASCYCLE,Atlas Cycles (Haryana) Limited,1996-10-23
ATUL,Atul Limited,1998-05-06
ATULAUTO,Atul Auto Limited,2013-06-26
AUBANK,AU Small Finance Bank Limited,2017-07-10
AURIGROW,Auri Grow India Limited,2020-12-24
AURIONPRO,Aurionpro Solutions Limited,2005-10-25
AUROPHARMA,Aurobindo Pharma Limited,2000-07-19
AURUM,Aurum PropTech Limited,2015-08-19
AUSOMENT,Ausom Enterprise Limited,1996-04-17
AUTOAXLES,Automotive Axles Limited,2003-05-29
AUTOIND,Autoline Industries Limited,2007-01-31
AVADHSUGAR,Avadh Sugar & Energy Limited,2017-07-28
AVALON,Avalon Technologies Limited,2023-04-18
AVANTEL,Avantel Limited,2024-07-31
AVANTIFEED,Avanti Feeds Limited,2015-04-15
AVG,AVG Logistics Limited,2023-05-12
AVL,Aditya Vision Limited,2024-11-06
AVONMORE,Avonmore Capital & Management Services Limited,2023-01-04
AVROIND,AVRO INDIA LIMITED,2022-04-07
AVTNPL,AVT Natural Products Limited,2007-01-10
AWFIS,Awfis Space Solutions Limited,2024-05-30
AWHCL,Antony Waste Handling Cell Limited,2021-01-01
AWL,AWL Agri Business Limited,2022-02-08
AXISBANK,Axis Bank Limited,1998-11-16
AXISCADES,AXISCADES Technologies Limited,2000-12-21
AXITA,Axita Cotton Limited,2022-06-21
AYE,Aye Finance Limited,2026-02-16
AYMSYNTEX,AYM Syntex Limited,2015-08-14
AZAD,Azad Engineering Limited,2023-12-28
BAFNAPH,Bafna Pharmaceuticals Limited,2020-02-27
BAGFILMS,B.A.G Films and Media Limited,2003-10-17
BAIDFIN,Baid Finserv Limited,2023-01-20
BAJAJ-AUTO,Bajaj Auto Limited,2008-05-26
BAJAJCON,Bajaj Consumer Care Limited,2010-08-18
BAJAJELEC,Bajaj Electricals Limited,2007-11-02
BAJAJFINSV,Bajaj Finserv Limited,2008-05-26
BAJAJHCARE,Bajaj Healthcare Limited,2021-11-25
BAJAJHFL,Bajaj Housing Finance Limited,2024-09-16
BAJAJHIND,Bajaj Hindusthan Sugar Limited,1995-05-10
BAJAJHLDNG,Bajaj Holdings & Investment Limited,1995-03-15
BAJAJINDEF,Indef Manufacturing Limited,2025-02-21
BAJAJST,Bajaj Steel Industries Limited,2026-04-20
BAJEL,Bajel Projects Limited,2023-12-19
BAJFINANCE,Bajaj Finance Limited,2003-04-01
BALAJEE,Shree Tirupati Balajee Agro Trading Company Limited,2024-09-12
BALAJITELE,Balaji Telefilms Limited,2000-11-22
BALAMINES,Balaji Amines Limited,2007-04-05
BALAXI,BALAXI PHARMACEUTICALS LIMITED,2015-11-30
BALKRISHNA,Balkrishna Paper Mills Limited,2015-07-28
BALKRISIND,Balkrishna Industries Limited,2006-01-27
BALMLAWRIE,Balmer Lawrie & Company Limited,1995-07-06
BALPHARMA,Bal Pharma Limited,2006-05-08
BALRAMCHIN,Balrampur Chini Mills Limited,1995-02-08
BALUFORGE,Balu Forge Industries Limited,2024-04-29
BANARBEADS,Banaras Beads Limited,1995-07-07
BANARISUG,Bannari Amman Sugars Limited,2003-05-28
BANCOINDIA,Banco Products (I) Limited,2006-12-22
BANDHANBNK,Bandhan Bank Limited,2018-03-27
BANG,Bang Overseas Limited,2008-02-20
BANKA,Banka BioLoo Limited,2020-10-29
BANKBARODA,Bank of Baroda,1997-02-19
BANKINDIA,Bank of India,1997-04-30
BANSALWIRE,Bansal Wire Industries Limited,2024-07-10
BANSWRAS,Banswara Syntex Limited,2007-04-11
BASF,BASF India Limited,1995-05-17
BASML,Bannari Amman Spinning Mills Limited,2005-11-14
BATAINDIA,Bata India Limited,2003-06-18
BATLIBOI,Batliboi Limited,2026-04-20
BAYERCROP,Bayer Cropscience Limited,2010-01-08
BBL,Bharat Bijlee Limited,2006-11-21
BBOX,Black Box Limited,2003-07-22
BBTC,The Bombay Burmah Trading Corporation Limited,1996-04-03
BBTCL,B&B Triplewall Containers Limited,2022-11-23
BCG,Brightcom Group Limited,2015-05-08
BCLIND,Bcl Industries Limited,2021-03-04
BCONCEPTS,Brand Concepts Limited,2022-01-11
BCPL,BCPL Railway Infrastructure Limited,2026-03-27
BDL,Bharat Dynamics Limited,2018-03-23
BEARDSELL,Beardsell Limited,2015-01-13
BECTORFOOD,Mrs. Bectors Food Specialities Limited,2020-12-24
BEDMUTHA,Bedmutha Industries Limited,2010-10-14
BEEKAY,Beekay Steel Industries Limited,2026-04-20
BEL,Bharat Electronics Limited,2000-07-19
BELLACASA,Bella Casa Fashion & Retail Limited,2025-07-18
BELRISE,Belrise Industries Limited,2025-05-28
BEML,BEML Limited,2003-11-05
BENGALASM,Bengal & Assam Company Limited,2026-04-20
BEPL,Bhansali Engineering Polymers Limited,2005-03-21
BERGEPAINT,Berger Paints (I) Limited,1999-11-24
BESTAGRO,Best Agrolife Limited,2024-04-10
BETA,Beta Drugs Limited,2025-11-24
BFINVEST,BF Investment Limited,2011-01-14
BFUTILITIE,BF Utilities Limited,2007-05-03
BGRENERGY,BGR Energy Systems Limited,2008-01-03
BHAGCHEM,Bhagiradha Chemicals & Industries Limited,2021-10-18
BHAGERIA,Bhageria Industries Limited,2016-03-02
BHAGYANGR,Bhagyanagar India Limited,2017-05-17
BHANDARI,Bhandari Hosiery Exports Limited,2017-01-30
BHARATCOAL,Bharat Coking Coal Limited,2026-01-19
BHARATFORG,Bharat Forge Limited,2003-04-04
BHARATGEAR,Bharat Gears Limited,1996-04-03
BHARATRAS,Bharat Rasayan Limited,1995-10-11
BHARATSE,Bharat Seats Limited,2025-03-24
BHARATWIRE,Bharat Wire Ropes Limited,2016-04-01
BHARTIARTL,Bharti Airtel Limited,2002-02-15
BHARTIHEXA,Bharti Hexacom Limited,2024-04-12
BHEL,Bharat Heavy Electricals Limited,2003-11-11
BI,Bilcare Limited,2026-04-20
BIGBLOC,Bigbloc Construction Limited,2016-09-02
BIKAJI,Bikaji Foods International Limited,2022-11-16
BIL,Bhartiya International Limited,2000-04-12
BILVYAPAR,BIL VYAPAR LIMITED,2006-09-27
BIMETAL,Bimetal Bearings Limited,2026-04-20
BIOCON,Biocon Limited,2004-04-07
BIOFILCHEM,Biofil Chemicals & Pharmaceuticals Limited,1996-06-12
BIRLACABLE,Birla Cable Limited,1995-12-06
BIRLACORPN,Birla Corporation Limited,1995-04-12
BIRLAMONEY,Aditya Birla Money Limited,2008-02-07
BIRLANU,BirlaNu Limited,1995-04-26
BIRLAPREC,Birla Precision Technologies Limited,2026-04-20
BLACKBUCK,BLACKBUCK LIMITED,2024-11-22
BLACKROSE,Black Rose Inds. Limited,2026-04-20
BLAL,BEML Land Assets Limited,2023-04-19
BLBLIMITED,BLB Limited,2000-05-31
BLIL,Balmer Lawrie Investments Limited,2026-04-20
BLISSGVS,Bliss GVS Pharma Limited,2010-07-26
BLKASHYAP,B. L. Kashyap and Sons Limited,2006-03-17
BLS,BLS International Services Limited,2016-06-14
BLSE,BLS E-Services Limited,2024-02-06
BLUECOAST,Blue Coast Hotels Limited,2000-02-16
BLUEDART,Blue Dart Express Limited,2002-12-12
BLUEJET,Blue Jet Healthcare Limited,2023-11-01
BLUESTARCO,Blue Star Limited,2000-06-15
BLUESTONE,BlueStone Jewellery and Lifestyle Limited,2025-08-19
BLUSPRING,Bluspring Enterprises Limited,2025-06-11
BMWVENTLTD,BMW Ventures Limited,2025-10-01
BNAGROCHEM,BN Agrochem Limited,2026-04-20
BNALTD,B & A Limited,2026-04-20
BODALCHEM,Bodal Chemicals Limited,2011-08-22
BOHRAIND,Bohra Industries Limited,2022-10-27
BOMDYEING,Bombay Dyeing & Mfg Company Limited,1995-04-26
BONLON,Bonlon Industries Limited,2026-02-20
BORANA,Borana Weaves Limited,2025-05-27
BOROLTD,Borosil Limited,2020-07-22
BORORENEW,BOROSIL RENEWABLES LIMITED,2018-05-25
BOROSCI,Borosil Scientific Limited,2024-06-07
BOSCH-HCIL,BOSCH HOME COMFORT INDIA LIMITED,2000-01-03
BOSCHLTD,Bosch Limited,2003-05-12
BPCL,Bharat Petroleum Corporation Limited,1995-09-13
BPL,BPL Limited,1995-06-14
BRIGADE,Brigade Enterprises Limited,2007-12-31
BRIGHOTEL,Brigade Hotel Ventures Limited,2025-07-31
BRITANNIA,Britannia Industries Limited,1998-11-05
BRNL,Bharat Road Network Limited,2017-09-18
BROOKS,Brooks Laboratories Limited,2011-09-05
BSE,BSE Limited,2017-02-03
BSHSL,Bombay Super Hybrid Seeds Limited,2020-10-28
BSL,BSL Limited,1995-07-27
BSOFT,BIRLASOFT LIMITED,1999-11-24
BTML,Bodhi Tree Multimedia Limited,2023-02-15
BTTL,Bhilwara Technical Textiles Limited,2026-04-20
BUILDPRO,Shankara Buildpro Limited,2026-01-09
BUTTERFLY,Butterfly Gandhimathi Appliances Limited,2014-04-28
BVCL,Barak Valley Cements Limited,2007-11-23
BYKE,The Byke Hospitality Ltd,2015-04-15
CALSOFT,California Software Company Limited,2000-06-28
CAMLINFINE,Camlin Fine Sciences Limited,2015-01-20
CAMPUS,Campus Activewear Limited,2022-05-09
CAMS,Computer Age Management Services Limited,2021-05-07
CANBK,Canara Bank,2002-12-23
CANFINHOME,Can Fin Homes Limited,1995-05-10
CANHLIFE,Canara HSBC Life Insurance Company Limited,2025-10-17
CANTABIL,Cantabil Retail India Limited,2010-10-12
CAPACITE,Capacit'e Infraprojects Limited,2017-09-25
CAPILLARY,Capillary Technologies India Limited,2025-11-21
CAPITALSFB,Capital Small Finance Bank Limited,2024-02-14
CAPLIPOINT,Caplin Point Laboratories Limited,2014-06-23
CAPTRUST,Capital Trust Limited,2017-01-16
CARBORUNIV,Carborundum Universal Limited,1996-04-03
CARERATING,CARE Ratings Limited,2012-12-26
CARRARO,Carraro India Limited,2024-12-30
CARTRADE,Cartrade Tech Limited,2021-08-20
CARYSIL,CARYSIL LIMITED,2021-01-14
CASTROLIND,Castrol India Limited,2014-03-14
CCAVENUE,AvenuesAI Limited,2016-04-04
CCCL,Consolidated Construction Consortium Limited,2007-10-15
CCHHL,Country Club Hospitality & Holidays Limited,2015-02-03
CCL,CCL Products (India) Limited,2004-06-07
CDSL,Central Depository Services (India) Limited,2017-06-30
CEATLTD,CEAT Limited,2008-02-01
CEIGALL,Ceigall India Limited,2024-08-08
CEINSYS,Ceinsys Tech Limited,2026-02-19
CELEBRITY,Celebrity Fashions Limited,2006-01-12
CELLO,Cello World Limited,2023-11-06
CEMPRO,Cemindia Projects Limited,1999-02-10
CENTENKA,Century Enka Limited,1995-05-10
CENTEXT,Century Extrusions Limited,2004-07-20
CENTRALBK,Central Bank of India,2007-08-21
CENTRUM,Centrum Capital Limited,2018-04-04
CENTUM,Centum Electronics Limited,2007-10-05
CENTURYPLY,Century Plyboards (India) Limited,2006-03-23
CERA,Cera Sanitaryware Limited,2007-11-02
CEREBRAINT,Cerebra Integrated Technologies Limited,2013-06-26
CESC,CESC Limited,1995-02-08
CEWATER,Concord Enviro Systems Limited,2024-12-27
CGCL,Capri Global Capital Limited,2010-10-29
CGPOWER,CG Power and Industrial Solutions Limited,1995-03-01
CHALET,Chalet Hotels Limited,2019-02-07
CHAMBLFERT,Chambal Fertilizers & Chemicals Limited,1995-06-14
CHEMBOND,Chembond Material Technologies Limited,2019-11-20
CHEMBONDCH,Chembond Chemicals Limited,2025-07-23
CHEMCON,Chemcon Speciality Chemicals Limited,2020-10-01
CHEMFAB,Chemfab Alkalis Limited,2018-04-25
CHEMPLASTS,Chemplast Sanmar Limited,2021-08-24
CHENNPETRO,Chennai Petroleum Corporation Limited,2000-06-07
CHEVIOT,Cheviot Company Limited,2022-06-20
CHOICEIN,Choice International Limited,2022-04-08
CHOLAFIN,Cholamandalam Investment and Finance Company Limited,1996-05-15
CHOLAHLDNG,Cholamandalam Financial Holdings Limited,2017-09-25
CIEINDIA,CIE Automotive India Limited,2007-08-30
CIFL,Capital India Finance Limited,2025-04-17
CINELINE,Cineline India Limited,2012-06-13
CINEVISTA,Cinevista Limited,2000-05-02
CIPLA,Cipla Limited,1995-02-08
CLEAN,Clean Science and Technology Limited,2021-07-19
CLEANMAX,Clean Max Enviro Energy Solutions Limited,2026-03-02
CLEDUCATE,CL Educate Limited,2017-03-31
CLSEL,Chaman Lal Setia Exports Limited,2021-05-12
CMPDI,Central Mine Planning & Design Institute Limited,2026-03-30
CMRGREEN,CMR Green Technologies Limited,2026-06-10
CMSINFO,CMS Info Systems Limited,2021-12-31
CNL,Creative Newtech Limited,2019-08-05
COALINDIA,Coal India Limited,2010-11-04
COASTCORP,Coastal Corporation Limited,2021-10-08
COCHINSHIP,Cochin Shipyard Limited,2017-08-11
COCKERILL,John Cockerill India Limited,2026-04-20
COFFEEDAY,Coffee Day Enterprises Limited,2015-11-02
COFORGE,Coforge Limited,2004-08-30
COHANCE,Cohance Lifesciences Limited,2020-03-09
COLPAL,Colgate Palmolive (India) Limited,2007-12-17
COMFINTE,Comfort Intech Limited,2026-04-20
COMPINFO,Compuage Infocom Limited,2016-07-07
COMPUSOFT,Compucom Software Limited,2012-03-02
COMSYN,Commercial Syn Bags Limited,2024-01-23
CONCOR,Container Corporation of India Limited,1997-05-07
CONCORDBIO,Concord Biotech Limited,2023-08-18
CONFIPET,Confidence Petroleum India Limited,2019-06-13
CONSOFINVT,Consolidated Finvest & Holdings Limited,2005-03-29
CONTROLPR,Control Print Limited,2016-06-24
CORALFINAC,Coral India Finance & Housing Limited,1996-03-25
CORDSCABLE,Cords Cable Industries Limited,2008-02-13
COROMANDEL,Coromandel International Limited,1995-05-31
CORONA,CORONA Remedies Limited,2025-12-15
COSMOFIRST,COSMO FIRST LIMITED,1995-05-25
COUNCODOS,Country Condo's Limited,2009-01-22
CPCAP,CP Capital Limited,2010-10-06
CPEDU,Career Point Edutech Limited,2025-09-05
CPPLUS,Aditya Infotech Limited,2025-08-05
CRAFTSMAN,Craftsman Automation Limited,2021-03-25
CRAMC,Canara Robeco Asset Management Company Limited,2025-10-16
CREATIVEYE,Creative Eye Limited,2000-12-20
CREDITACC,CREDITACCESS GRAMEEN LIMITED,2018-08-23
CREST,Crest Ventures Limited,2006-12-27
CRISIL,Crisil Limited,1995-06-28
CRIZAC,Crizac Limited,2025-07-09
CROMPTON,Crompton Greaves Consumer Electricals Limited,2016-05-13
CROWN,Crown Lifters Limited,2022-02-08
CSBBANK,CSB Bank Limited,2019-12-04
CSLFINANCE,CSL Finance Limited,2022-07-21
CTE,Cambridge Technology Enterprises Limited,2007-02-07
CUB,City Union Bank Limited,1998-08-25
CUBEXTUB,Cubex Tubings Limited,1996-04-24
CUMMINSIND,Cummins India Limited,1995-03-29
CUPID,Cupid Limited,2016-09-16
CURAA,Cura Technologies Limited,2025-03-21
CYBERMEDIA,Cyber Media (India) Limited,2005-06-10
CYBERTECH,Cybertech Systems And Software Limited,1999-01-27
CYIENT,Cyient Limited,1998-09-30
CYIENTDLM,Cyient DLM Limited,2023-07-10
DABUR,Dabur India Limited,1999-04-28
DAICHI,Dai-Ichi Karkaria Limited,2026-04-20
DALBHARAT,Dalmia Bharat Limited,2019-01-22
DALMIASUG,Dalmia Bharat Sugar and Industries Limited,1996-01-17
DAMCAPITAL,Dam Capital Advisors Limited,2024-12-27
DAMODARIND,Damodar Industries Limited,2016-07-04
DANGEE,Dangee Dums Limited,2020-11-13
DATAMATICS,Datamatics Global Services Limited,2004-05-07
DATAPATTNS,Data Patterns (India) Limited,2021-12-24
DAVANGERE,Davangere Sugar Company Limited,2024-01-25
DBCORP,D.B.Corp Limited,2010-01-06
DBEIL,Deepak Builders & Engineers India Limited,2024-10-28
DBL,Dilip Buildcon Limited,2016-08-11
DBOL,Dhampur Bio Organics Limited,2022-09-08
DBREALTY,Valor Estate Limited,2010-02-24
DBSTOCKBRO,DB (International) Stock Brokers Limited,2012-02-29
DCAL,Dishman Carbogen Amcis Limited,2017-09-21
DCBBANK,DCB Bank Limited,2006-10-27
DCI,Dc Infotech And Communication Limited,2022-10-19
DCM,DCM  Limited,1995-03-29
DCMFINSERV,DCM Financial Services Limited,1997-05-21
DCMNVL,DCM Nouvelle Limited,2019-07-16
DCMSHRIRAM,DCM Shriram Limited,1995-04-12
DCMSIL,DCM Shriram International Limited,2026-02-17
DCMSRIND,DCM Shriram Industries Limited,2021-12-24
DCW,DCW Limited,1995-05-25
DCXINDIA,DCX Systems Limited,2022-11-11
DDEVPLSTIK,Ddev Plastiks Industries Limited,2025-01-15
DECCANCE,Deccan Cements Limited,2007-08-02
DECNGOLD,Deccan Gold Mines Limited,2026-04-20
DEEDEV,DEE Development Engineers Limited,2024-06-26
DEEPAKFERT,Deepak Fertilizers and Petrochemicals Corporation Limited,2003-01-17
DEEPAKNTR,Deepak Nitrite Limited,2010-09-29
DEEPINDS,Deep Industries Limited,2021-04-27
DELHIVERY,Delhivery Limited,2022-05-24
DELPHIFX,DELPHI WORLD MONEY LIMITED,2011-06-28
DELTACORP,Delta Corp Limited,2007-11-02
DELTAMAGNT,Delta Manufacturing Limited,1995-10-18
DEN,Den Networks Limited,2009-11-24
DENORA,De Nora India Limited,1997-08-07
DENTA,Denta Water and Infra Solutions Limited,2025-01-29
DEVIT,Dev Information Technology Limited,2022-02-15
DEVX,Dev Accelerator Limited,2025-09-17
DEVYANI,Devyani International Limited,2021-08-16
DGCONTENT,Digicontent Limited,2019-06-18
DHAMPURSUG,Dhampur Sugar Mills Limited,1995-03-29
DHANBANK,Dhanlaxmi Bank Limited,2004-04-01
DHANUKA,Dhanuka Agritech Limited,2011-06-29
DHARAN,DHARAN INFRA-EPC LIMITED,2018-04-02
DHARMAJ,Dharmaj Crop Guard Limited,2022-12-08
DHRUV,Dhruv Consultancy Services Limited,2021-11-25
DHUNINV,Dhunseri Investments Limited,2011-03-18
DIACABS,Diamond Power Infrastructure Limited,2023-09-15
DIAMINESQ,Diamines & Chemicals Limited,2023-09-25
DIAMONDYD,Prataap Snacks Limited,2017-10-05
DICIND,DIC India Limited,1995-08-30
DIFFNKG,Diffusion Engineers Limited,2024-10-04
DIGIDRIVE,Digidrive Distributors Limited,2024-01-10
DIGISPICE,DiGiSPICE Technologies Limited,2008-05-27
DIGITIDE,Digitide Solutions Limited,2025-06-11
DIGJAMLMTD,Digjam Limited,2021-10-18
DISAQ,Disa India Limited,2026-04-20
DISHTV,Dish TV India Limited,2007-04-18
DIVGIITTS,Divgi Torqtransfer Systems Limited,2023-03-14
DIVISLAB,Divi's Laboratories Limited,2003-03-12
DIXON,Dixon Technologies (India) Limited,2017-09-18
DJML,DJ Mediaprint & Logistics Limited,2022-12-05
DLF,DLF Limited,2007-07-05
DLINKINDIA,D-Link (India) Limited,2009-12-18
DMART,Avenue Supermarts Limited,2017-03-21
DMCC,DMCC SPECIALITY CHEMICALS LIMITED,2021-12-01
DNAMEDIA,Diligent Media Corporation Limited,2017-12-11
DODLA,Dodla Dairy Limited,2021-06-28
DOLATALGO,Dolat Algotech Limited,2024-01-12
DOLLAR,Dollar Industries Limited,2017-04-21
DOLPHIN,Dolphin Offshore Enterprises (India) Limited,2023-08-21
DOMS,DOMS Industries Limited,2023-12-20
DONEAR,Donear Industries Limited,2006-12-20
DPABHUSHAN,D. P. Abhushan Limited,2020-11-03
DPSCLTD,DPSC Limited,2008-04-21
DPWIRES,D P Wires Limited,2020-01-17
DRAGARWQ,Dr Agarwals Eye Hospital Limited,2026-04-20
DRCSYSTEMS,DRC Systems India Limited,2021-03-10
DREAMFOLKS,Dreamfolks Services Limited,2022-09-06
DREDGECORP,Dredging Corporation of India Limited,2004-01-15
DRREDDY,Dr. Reddy's Laboratories Limited,2003-05-30
DSFCL,DCM Shriram Fine Chemicals Limited,2026-02-17
DSSL,Dynacons Systems & Solutions Limited,2011-12-01
DTIL,Dhunseri Tea & Industries Limited,2015-01-20
DUCON,Ducon Infratechnologies Limited,2012-10-09
DVL,Dhunseri Ventures Limited,2008-01-11
DWARKESH,Dwarikesh Sugar Industries Limited,2004-12-31
DYCL,Dynamic Cables Limited,2022-07-27
DYNAMATECH,Dynamatic Technologies Limited,2006-09-14
DYNPRO,Dynemic Products Limited,2017-07-19
E2E,E2E Networks Limited,2022-04-12
EASEMYTRIP,Easy Trip Planners Limited,2021-03-19
EASTSILK,Eastern Silk Industries Limited,1996-07-03
EBGNG,GNG Electronics Limited,2025-07-30
ECLERX,eClerx Services Limited,2007-12-31
ECOSMOBLTY,Ecos (India) Mobility & Hospitality Limited,2024-09-04
EDELWEISS,Edelweiss Financial Services Limited,2007-12-12
EFCIL,EFC (I) Limited,2025-08-20
EICHERMOT,Eicher Motors Limited,2004-09-07
EIDPARRY,EID Parry India Limited,1995-05-10
EIEL,Enviro Infra Engineers Limited,2024-11-29
EIFFL,Euro India Fresh Foods Limited,2021-10-12
EIHAHOTELS,EIH Associated Hotels Limited,2008-04-08
EIHOTEL,EIH Limited,1995-02-08
EIMCOELECO,Eimco Elecon (India) Limited,1996-04-17
EKC,Everest Kanto Cylinder Limited,2005-12-15
ELANTAS,Elantas Beck India Limited,2026-04-20
ELCIDIN,EL CID Investments Limited,2026-04-20
ELDEHSG,Eldeco Housing And Industries Limited,2022-04-12
ELECON,Elecon Engineering Company Limited,2006-09-29
ELECTCAST,Electrosteel Castings Limited,2003-06-20
ELECTHERM,Electrotherm (India) Limited,2007-08-20
ELGIEQUIP,Elgi Equipments Limited,1995-11-22
ELGIRUBCO,Elgi Rubber Company Limited,2011-08-10
ELIN,Elin Electronics Limited,2022-12-30
ELITECON,Elitecon International Limited,2026-04-20
ELLEN,Ellenbarrie Industrial Gases Limited,2025-07-01
ELPROINTL,Elpro International Limited,2026-04-20
EMAMILTD,Emami Limited,2006-08-03
EMAMIPAP,Emami Paper Mills Limited,2019-05-30
EMAMIREAL,Emami Realty Limited,2010-07-28
EMBDL,Embassy Developments Limited,2007-03-23
EMCURE,Emcure Pharmaceuticals Limited,2024-07-10
EMIL,Electronics Mart India Limited,2022-10-17
EMKAY,Emkay Global Financial Services Limited,2006-04-28
EMMBI,Emmbi Industries Limited,2010-02-24
EMMVEE,Emmvee Photovoltaic Power Limited,2025-11-18
EMPOWER,Empower India Limited,2026-04-20
EMSLIMITED,EMS Limited,2023-09-21
EMUDHRA,eMudhra Limited,2022-06-01
ENDURANCE,Endurance Technologies Limited,2016-10-19
ENERGYDEV,Energy Development Company Limited,2007-11-02
ENGINERSIN,Engineers India Limited,1997-08-20
ENIL,Entertainment Network (India) Limited,2006-02-15
ENRIN,Siemens Energy India Limited,2025-06-19
ENTERO,Entero Healthcare Solutions Limited,2024-02-16
EPACK,EPACK Durable Limited,2024-01-30
EPACKPEB,EPack Prefab Technologies Limited,2025-10-01
EPIGRAL,Epigral Limited,2021-08-18
EPL,EPL Limited,2002-02-11
EQUIPPP,Equippp Social Impact Technologies Limited,2021-05-19
EQUITASBNK,Equitas Small Finance Bank Limited,2020-11-02
ERIS,Eris Lifesciences Limited,2017-06-29
ESABINDIA,Esab India Limited,1995-11-01
ESAFSFB,ESAF Small Finance Bank Limited,2023-11-10
ESCORTS,Escorts Kubota Limited,1995-03-01
ESSARSHPNG,Essar Shipping Limited,2011-11-15
ESSENTIA,Integra Essentia Limited,2013-08-20
ESTER,Ester Industries Limited,2011-06-20
ETERNAL,ETERNAL LIMITED,2021-07-23
ETHOSLTD,Ethos Limited,2022-05-30
EUREKAFORB,Eureka Forbes Limited,2024-09-11
EUROBOND,Euro Panel Products Limited,2025-08-01
EUROPRATIK,Euro Pratik Sales Limited,2025-09-23
EUROTEXIND,Eurotex Industries and Exports Limited,1996-01-31
EVEREADY,Eveready Industries India Limited,2005-04-27
EVERESTIND,Everest Industries Limited,1995-03-29
EXCELINDUS,Excel Industries Limited,2004-06-16
EXCELSOFT,Excelsoft Technologies Limited,2025-11-26
EXICOM,Exicom Tele-Systems Limited,2024-03-05
EXIDEIND,Exide Industries Limited,2003-06-17
EXPLEOSOL,Expleo Solutions Limited,2009-10-26
EXXARO,Exxaro Tiles Limited,2021-08-16
FABTECH,Fabtech Technologies Limited,2025-10-07
FACT,Fertilizers and Chemicals Travancore Limited,1995-04-12
FAIRCHEMOR,Fairchem Organics Limited,2020-12-24
FAZE3Q,Faze Three Limited,2022-11-18
FCL,Fineotex Chemical Limited,2015-01-15
FCSSOFT,FCS Software Solutions Limited,2005-09-21
FDC,FDC Limited,1997-08-07
FEDDERSHOL,Fedders Holding Limited,2026-04-20
FEDERALBNK,The Federal Bank  Limited,1995-02-08
FEDFINA,Fedbank Financial Services Limited,2023-11-30
FEL,Future Enterprises Limited,2001-11-05
FELDVR,Future Enterprises Limited,2009-02-13
FERMENTA,Fermenta Biotech Limited,2026-04-20
FIBERWEB,Fiberweb (India) Limited,2022-02-16
FIEMIND,Fiem Industries Limited,2006-10-19
FILATEX,Filatex India Limited,2011-08-29
FILATFASH,Filatex Fashions Limited,2024-05-06
FINCABLES,Finolex Cables Limited,1995-02-15
FINEORG,Fine Organic Industries Limited,2018-07-02
FINKURVE,Finkurve Financial Services Limited,2025-10-01
FINOPB,Fino Payments Bank Limited,2021-11-12
FINPIPE,Finolex Industries Limited,1995-02-08
FIRSTCRY,Brainbees Solutions Limited,2024-08-13
FISCHER,Fischer Medical Ventures Limited,2025-07-10
FIVESTAR,Five-Star Business Finance Limited,2022-11-21
FLAIR,Flair Writing Industries Limited,2023-12-01
FLEXITUFF,Flexituff Ventures International Limited,2011-10-19
FLFL,Future Lifestyle Fashions Limited,2013-10-01
FLUOROCHEM,Gujarat Fluorochemicals Limited,2019-10-16
FMGOETZE,Federal-Mogul Goetze (India) Limited.,1995-02-08
FMNL,Future Market Networks Limited,2010-12-31
FOCUS,Focus Lighting and Fixtures Limited,2021-11-24
FOODSIN,Foods & Inns Limited,2021-11-16
FORCEMOT,FORCE MOTORS LTD,2024-02-14
FORTIS,Fortis Healthcare Limited,2007-05-09
FOSECOIND,Foseco India Limited,2003-05-05
FRACTAL,Fractal Analytics Limited,2026-02-16
FRONTSP,Frontier Springs Limited,2026-04-20
FSL,Firstsource Solutions Limited,2007-02-22
FUSION,Fusion Finance Limited,2022-11-15
GABRIEL,Gabriel India Limited,2005-04-20
GAEL,Gujarat Ambuja Exports Limited,2000-10-11
GAIL,GAIL (India) Limited,1997-04-02
GALAPREC,Gala Precision Engineering Limited,2024-09-09
GALAXYSURF,Galaxy Surfactants Limited,2018-02-08
GALLANTT,Gallantt Ispat Limited,2006-04-04
GANDHAR,Gandhar Oil Refinery (India) Limited,2023-11-30
GANDHITUBE,Gandhi Special Tubes Limited,2007-01-31
GANECOS,Ganesha Ecosphere Limited,2015-03-09
GANESHBE,Ganesh Benzoplast Limited,2021-09-16
GANESHCP,Ganesh Consumer Products Limited,2025-09-29
GANESHHOU,GANESH HOUSING LIMITED,2007-03-02
GANGAFORGE,Ganga Forging Limited,2021-07-06
GANGESSECU,Ganges Securities Limited,2017-07-28
GARFIBRES,Garware Technical Fibres Limited,2007-04-03
GARUDA,Garuda Construction and Engineering Limited,2024-10-15
GATECH,GACM Technologies Limited,2016-07-25
GATECHDVR,GACM Technologies Limited,2017-10-10
GATEWAY,Gateway Distriparks Limited,2022-03-22
GAUDIUMIVF,Gaudium IVF and Women Health Limited,2026-02-27
GAYAHWS,Gayatri Highways Limited,2018-06-28
GAYAPROJ,Gayatri Projects Limited,2011-08-22
GCSL,Gretex Corporate Services Limited,2025-09-04
GEECEE,GeeCee Ventures Limited,2006-10-04
GEEKAYWIRE,Geekay Wires Limited,2020-03-06
GEMAROMA,Gem Aromatics Limited,2025-08-26
GENCON,Generic Engineering Construction and Projects Limited,2021-02-16
GENESYS,Genesys International Corporation Limited,2003-01-23
GENUSPAPER,Genus Paper & Boards Limited,2015-02-16
GENUSPOWER,Genus Power Infrastructures Limited,2005-07-08
GEOJITFSL,Geojit Financial Services Limited,2005-07-01
GESHIP,The Great Eastern Shipping Company Limited,2006-11-27
GFLLIMITED,GFL Limited,1995-05-25
GHCL,GHCL Limited,2003-07-31
GHCLTEXTIL,GHCL Textiles Limited,2023-06-12
GICHSGFIN,GIC Housing Finance Limited,1996-05-08
GICL,Globe International Carriers Limited,2026-02-18
GICRE,General Insurance Corporation of India,2017-10-25
GILLANDERS,Gillanders Arbuthnot & Company Limited,2009-12-14
GILLETTE,Gillette India Limited,2003-07-30
GINNIFILA,Ginni Filaments Limited,1995-05-10
GIPCL,Gujarat Industries Power Company Limited,1995-02-08
GKENERGY,GK Energy Limited,2025-09-26
GKSL,Gujarat Kidney And Super Speciality Limited,2025-12-30
GKWLIMITED,GKW Limited,2009-07-20
GLAND,Gland Pharma Limited,2020-11-20
GLAXO,GlaxoSmithKline Pharmaceuticals Limited,2000-12-15
GLENMARK,Glenmark Pharmaceuticals Limited,2000-02-07
GLFL,Gujarat Lease Financing Limited,1995-02-08
GLOBAL,Global Education Limited,2020-12-07
GLOBALE,Globale Tessile Limited,2024-08-27
GLOBALVECT,Global Vectra Helicorp Limited,2006-10-27
GLOBE,GLOBE ENTERPRISES (INDIA) LIMITED,2020-10-07
GLOBECIVIL,Globe Civil Projects Limited,2025-07-01
GLOBUSSPR,Globus Spirits Limited,2009-09-23
GLOSTERLTD,Gloster Limited,2024-04-26
GLOTTIS,Glottis Limited,2025-10-07
GMBREW,GM Breweries Limited,1995-08-23
GMDCLTD,Gujarat Mineral Development Corporation Limited,1997-12-17
GMMPFAUDLR,GMM Pfaudler Limited,2018-03-05
GMRAIRPORT,GMR AIRPORTS LIMITED,2006-08-21
GMRP&UI,GMR Power and Urban Infra Limited,2022-03-23
GNA,GNA Axles Limited,2016-09-26
GNFC,Gujarat Narmada Valley Fertilizers and Chemicals Limited,1995-05-17
GNRL,Gujarat Natural Resources Limited,2026-04-20
GOACARBON,Goa Carbon Limited,2007-06-05
GOCLCORP,GOCL Corporation Limited,2014-06-26
GOCOLORS,Go Fashion (India) Limited,2021-11-30
GODAVARIB,Godavari Biorefineries Limited,2024-10-30
GODFRYPHLP,Godfrey Phillips India Limited,1996-07-24
GODIGIT,Go Digit General Insurance Limited,2024-05-23
GODREJAGRO,Godrej Agrovet Limited,2017-10-16
GODREJCP,Godrej Consumer Products Limited,2001-06-20
GODREJIND,Godrej Industries Limited,2003-02-25
GODREJPROP,Godrej Properties Limited,2010-01-05
GOKEX,Gokaldas Exports Limited,2005-04-27
GOKUL,Gokul Refoils and Solvent Limited,2008-06-04
GOKULAGRO,Gokul Agro Resources Limited,2016-03-11
GOLDENTOBC,Golden Tobacco Limited,1995-02-08
GOLDIAM,Goldiam International Limited,2005-08-29
GOLDTECH,AION-TECH SOLUTIONS LIMITED,2001-04-11
GOODLUCK,Goodluck India Limited,2015-01-08
GOODYEAR,Goodyear India Limited,2026-04-20
GOPAL,Gopal Snacks Limited,2024-03-14
GOYALALUM,Goyal Aluminiums Limited,2022-11-04
GPIL,Godawari Power And Ispat limited,2006-04-25
GPPL,Gujarat Pipavav Port Limited,2010-09-09
GPTHEALTH,GPT Healthcare Limited,2024-02-29
GPTINFRA,GPT Infraprojects Limited,2016-07-11
GRADIENTE,Gradiente Infotainment Limited,2026-05-08
GRANDOAK,Grand Oak Canyons Distillery Limited,2026-04-20
GRANULES,Granules India Limited,2005-06-20
GRAPHITE,Graphite India Limited,2003-02-07
GRASIM,Grasim Industries Limited,1995-05-10
GRAUWEIL,Grauer & Weil India Limited,2026-04-20
GRAVISSHO,Graviss Hospitality Limited,2026-04-20
GRAVITA,Gravita India Limited,2010-11-16
GREAVESCOT,Greaves Cotton Limited,2004-09-09
GREENLAM,Greenlam Industries Limited,2015-03-02
GREENPANEL,Greenpanel Industries Limited,2019-10-23
GREENPLY,Greenply Industries Limited,1996-03-06
GREENPOWER,Orient Green Power Company Limited,2010-10-08
GRINDWELL,Grindwell Norton Limited,2006-09-11
GRINFRA,G R Infraprojects Limited,2021-07-19
GRMOVER,GRM Overseas Limited,2022-09-07
GROBTEA,The Grob Tea Company Limited,2016-07-14
GROWW,Billionbrains Garage Ventures Limited,2025-11-12
GRPLTD,GRP Limited,2015-02-12
GRSE,Garden Reach Shipbuilders & Engineers Limited,2018-10-10
GRWRHITECH,Garware Hi-Tech Films Limited,2022-02-03
GSFC,Gujarat State Fertilizers & Chemicals Limited,1995-09-06
GSLSU,Global Surfaces Limited,2023-03-23
GSPCROP,GSP Crop Science Limited,2026-03-24
GSS,GSS Infotech Limited,2008-03-07
GTECJAINX,G-TEC JAINX EDUCATION LIMITED,2020-11-13
GTL,GTL Limited,1995-03-29
GTLINFRA,GTL Infrastructure Limited,2006-11-09
GTPL,GTPL Hathway Limited,2017-07-04
GUFICBIO,Gufic Biosciences Limited,2004-10-19
GUJALKALI,Gujarat Alkalies and Chemicals Limited,1997-08-07
GUJAPOLLO,Gujarat Apollo Industries Limited,2007-06-04
GUJGASLTD,Gujarat Gas Limited,2015-09-15
GUJRAFFIA,Gujarat Raffia Industries Limited,1996-10-09
GUJTHEM,Gujarat Themis Biosyn Limited,2025-02-25
GULFOILLUB,Gulf Oil Lubricants India Limited,2014-07-31
GULFPETRO,GP Petroleums Limited,2004-09-24
GULPOLY,Gulshan Polyols Limited,2015-01-28
GVKPIL,GVK Power & Infrastructure Limited,2006-02-27
GVPIL,GE Power India Limited,2000-04-19
GVPTECH,GVP Infotech Limited,2022-09-06
GVT&D,GE Vernova T&D India Limited,2008-06-30
HAL,Hindustan Aeronautics Limited,2018-03-28
HALDER,Halder Venture Limited,2026-01-19
HALDYNGL,Haldyn Glass Limited,2026-04-20
HALEOSLABS,HALEOS LABS LIMITED,2017-08-17
HAPPSTMNDS,Happiest Minds Technologies Limited,2020-09-17
HAPPYFORGE,Happy Forgings Limited,2023-12-27
HARDWYN,Hardwyn India Limited,2022-04-12
HARIOMPIPE,Hariom Pipe Industries Limited,2022-04-13
HARRMALAYA,Harrisons  Malayalam Limited,1995-02-08
HARSHA,Harsha Engineers International Limited,2022-09-26
HATHWAY,Hathway Cable & Datacom Limited,2010-02-25
HATSUN,Hatsun Agro Product Limited,2014-06-20
HAVELLS,Havells India Limited,2001-03-21
HAVISHA,Sri Havisha Hospitality and Infrastructure Limited,2000-02-16
HAWKINCOOK,Hawkins Cookers Limited,2026-04-20
HBESD,HB Estate Developers Limited,2026-04-20
HBLENGINE,HBL Engineering Limited,2007-01-04
HBSL,HB Stockholdings Limited,2018-07-23
HCC,Hindustan Construction Company Limited,2003-04-01
HCG,Healthcare Global Enterprises Limited,2016-03-30
HCL-INSYS,HCL Infosystems Limited,1997-01-01
HCLTECH,HCL Technologies Limited,2000-01-06
HDBFS,HDB Financial Services Limited,2025-07-02
HDFCAMC,HDFC Asset Management Company Limited,2018-08-06
HDFCBANK,HDFC Bank Limited,1995-11-08
HDFCLIFE,HDFC Life Insurance Company Limited,2017-11-17
HDIL,Housing Development and Infrastructure Limited,2007-07-24
HEADSUP,Heads UP Ventures Limited,2016-12-14
HEALTHX,Health X Platform Limited,2010-10-05
HECPROJECT,HEC Infra Projects Limited,2021-12-30
HEG,HEG Limited,1995-05-10
HEIDELBERG,HeidelbergCement India Limited,1995-03-15
HEMIPROP,Hemisphere Properties India Limited,2020-10-22
HERANBA,Heranba Industries Limited,2021-03-05
HERITGFOOD,Heritage Foods Limited,1996-11-27
HEROMOTOCO,Hero MotoCorp Limited,2003-04-11
HESTERBIO,Hester Biosciences Limited,2015-03-13
HEXAGON,Hexagon Nutrition Limited,2026-06-12
HEXATRADEX,Hexa Tradex Limited,2012-04-20
HEXT,Hexaware Technologies Limited,2025-02-19
HFCL,HFCL Limited,2011-03-09
HGINFRA,H.G. Infra Engineering Limited,2018-03-09
HGM,HandsOn Global Management (HGM) Limited,2006-09-27
HGS,Hinduja Global Solutions Limited,2007-06-19
HIKAL,Hikal Limited,2001-02-14
HILINFRA,Highway Infrastructure Limited,2025-08-12
HILTON,Hilton Metal Forging Limited,2007-05-24
HIMATSEIDE,Himatsingka Seide Limited,1995-02-08
HINDALCO,Hindalco Industries Limited,1997-01-08
HINDCOMPOS,Hindustan Composites Limited,1996-05-08
HINDCON,Hindcon Chemicals Limited,2021-07-05
HINDCOPPER,Hindustan Copper Limited,2010-09-15
HINDOILEXP,Hindustan Oil Exploration Company Limited,2003-09-23
HINDPETRO,Hindustan Petroleum Corporation Limited,1998-06-17
HINDUNILVR,Hindustan Unilever Limited,1995-07-06
HINDWAREAP,Hindware Home Innovation Limited,2019-12-26
HINDZINC,Hindustan Zinc Limited,2006-11-21
HIRECT,Hind Rectifiers Limited,2006-12-26
HISARMETAL,Hisar Metal Industries Limited,2017-01-05
HITECH,Hi-Tech Pipes Limited,2018-05-07
HITECHCORP,Hitech Corporation Limited,2007-12-20
HITECHGEAR,The Hi-Tech Gears Limited,2002-01-21
HLEGLAS,HLE Glascoat Limited,2023-02-09
HLVLTD,HLV LIMITED,1995-07-19
HMAAGRO,HMA Agro Industries Limited,2023-07-04
HMT,HMT Limited,2003-08-29
HMVL,Hindustan Media Ventures Limited,2010-07-21
HNDFDS,Hindustan Foods Limited,2023-06-06
HOMEFIRST,Home First Finance Company India Limited,2021-02-03
HONASA,Honasa Consumer Limited,2023-11-07
HONAUT,Honeywell Automation India Limited,2003-07-18
HONDAPOWER,Honda India Power Products Limited,2003-04-01
HPAL,HP Adhesives Limited,2021-12-27
HPIL,Hindprakash Industries Limited,2022-11-07
HPL,HPL Electric & Power Limited,2016-10-04
HSCL,Himadri Speciality Chemical Limited,2007-03-02
HTMEDIA,HT Media Limited,2005-09-01
HUBTOWN,Hubtown Limited,2007-02-07
HUDCO,Housing & Urban Development Corporation Limited,2017-05-19
HUHTAMAKI,Huhtamaki India Limited,2004-10-01
HYBRIDFIN,Hybrid Financial Services Limited,2022-12-05
HYUNDAI,Hyundai Motor India Limited,2024-10-22
IBULLSLTD,Indiabulls Limited,2011-08-18
ICDSLTD,ICDS Limited,1999-11-17
ICEMAKE,Ice Make Refrigeration Limited,2020-10-12
ICICIAMC,ICICI Prudential Asset Management Company Limited,2025-12-19
ICICIBANK,ICICI Bank Limited,1997-09-17
ICICIGI,ICICI Lombard General Insurance Company Limited,2017-09-27
ICICIPRULI,ICICI Prudential Life Insurance Company Limited,2016-09-29
ICIL,Indo Count Industries Limited,2005-09-12
ICRA,ICRA Limited,2007-04-13
IDBI,IDBI Bank Limited,1995-09-20
IDEA,Vodafone Idea Limited,2007-03-09
IDEAFORGE,Ideaforge Technology Limited,2023-07-07
IDFCFIRSTB,IDFC First Bank Limited,2015-11-06
IEX,Indian Energy Exchange Limited,2017-10-23
IFBAGRO,IFB Agro Industries Limited,1996-04-03
IFBIND,IFB Industries Limited,1995-03-29
IFCI,IFCI Limited,1995-04-26
IFGLEXPOR,IFGL Refractories Limited,2017-11-14
IGARASHI,Igarashi Motors India Limited,2003-10-09
IGCL,Indogulf Cropsciences Limited,2025-07-03
IGIL,International Gemological Institute Limited,2024-12-20
IGL,Indraprastha Gas Limited,2003-12-26
IGPL,IG Petrochemicals Limited,2007-01-29
IIFL,IIFL Finance Limited,2005-05-17
IIFLCAPS,IIFL Capital Services Limited,2019-09-20
IITL,Industrial Investment Trust Limited,2010-08-17
IKIO,IKIO Technologies Limited,2023-06-16
IKS,Inventurus Knowledge Solutions Limited,2024-12-19
IL&FSENGG,IL&FS Engineering and Construction Company Limited,2007-10-25
IL&FSTRANS,IL&FS Transportation Networks Limited,2010-03-30
IMAGICAA,Imagicaaworld Entertainment Limited,2015-04-06
IMFA,Indian Metals & Ferro Alloys Limited,2010-07-23
IMPAL,India Motor Parts and Accessories Limited,2005-10-07
INA,Insolation Energy Limited,2026-03-09
INCREDIBLE,INCREDIBLE INDUSTRIES LIMITED,2016-07-01
INDBANK,Indbank Merchant Banking Services Limited,2008-10-08
INDGN,Indegene Limited,2024-05-13
INDHOTEL,The Indian Hotels Company Limited,1996-07-03
INDIACEM,The India Cements Limited,2000-05-31
INDIAGLYCO,India Glycols Limited,2005-07-01
INDIAMART,Indiamart Intermesh Limited,2019-07-04
INDIANB,Indian Bank,2007-03-01
INDIANCARD,Indian Card Clothing Company Limited,1997-01-08
INDIANHUME,Indian Hume Pipe Company Limited,1995-08-30
INDIASHLTR,India Shelter Finance Corporation Limited,2023-12-20
INDIGO,InterGlobe Aviation Limited,2015-11-10
INDIGOPNTS,Indigo Paints Limited,2021-02-02
INDIQUBE,Indiqube Spaces Limited,2025-07-30
INDNIPPON,India Nippon Electricals Limited,1997-05-07
INDOAMIN,Indo Amines Limited,2022-04-29
INDOBORAX,Indo Borax & Chemicals Limited,2022-03-29
INDOCO,Indoco Remedies Limited,2005-01-14
INDOFARM,Indo Farm Equipment Limited,2025-01-07
INDORAMA,Indo Rama Synthetics (India) Limited,2003-06-20
INDOSTAR,IndoStar Capital Finance Limited,2018-05-21
INDOTECH,Indo Tech Transformers Limited,2006-03-16
INDOTHAI,Indo Thai Securities Limited,2011-11-02
INDOUS,Indo Us Biotech Limited,2024-09-27
INDOWIND,Indowind Energy Limited,2007-09-14
INDPRUD,Industrial & Prudential Investment Company Limited,2026-04-20
INDRAMEDCO,Indraprastha Medical Corporation Limited,1997-04-17
INDSWFTLAB,Ind-Swift Laboratories Limited,1997-07-02
INDTERRAIN,Indian Terrain Fashions Limited,2011-03-11
INDUSINDBK,IndusInd Bank Limited,1998-01-28
INDUSTOWER,Indus Towers Limited,2012-12-28
INFOBEAN,InfoBeans Technologies Limited,2019-07-15
INFOMEDIA,Infomedia Press Limited,2006-10-12
INFY,Infosys Limited,1995-02-08
INGERRAND,Ingersoll Rand (India) Limited,1999-04-15
INNOVACAP,Innova Captab Limited,2023-12-29
INNOVANA,Innovana Thinklabs Limited,2024-12-17
INNOVISION,Innovision Limited,2026-03-23
INOXGREEN,Inox Green Energy Services Limited,2022-11-23
INOXINDIA,INOX India Limited,2023-12-21
INOXWIND,Inox Wind Limited,2015-04-09
INSECTICID,Insecticides (India) Limited,2007-05-30
INSPIRISYS,Inspirisys Solutions Limited,2006-10-30
INTELLECT,Intellect Design Arena Limited,2014-12-18
INTENTECH,Intense Technologies Limited,2017-03-23
INTERARCH,Interarch Building Solutions Limited,2024-08-26
INTLCONV,International Conveyors Limited,2021-09-16
INVENTURE,Inventure Growth & Securities Limited,2011-08-04
INVPRECQ,Investment & Precision Castings Limited,2026-04-20
IOB,Indian Overseas Bank,2000-12-07
IOC,Indian Oil Corporation Limited,1996-07-24
IOLCP,IOL Chemicals and Pharmaceuticals Limited,2010-11-08
IONEXCHANG,ION Exchange (India) Limited,2022-02-22
IPCALAB,IPCA Laboratories Limited,1995-02-08
IPL,India Pesticides Limited,2021-07-05
IRB,IRB Infrastructure Developers Limited,2008-02-25
IRCON,Ircon International Limited,2018-09-28
IRCTC,Indian Railway Catering And Tourism Corporation Limited,2019-10-14
IREDA,Indian Renewable Energy Development Agency Limited,2023-11-29
IRFC,Indian Railway Finance Corporation Limited,2021-01-29
IRIS,IRIS RegTech Solutions Limited,2021-11-08
IRISDOREME,Iris Clothings Limited,2021-02-22
IRMENERGY,IRM Energy Limited,2023-10-26
ISFT,Intrasoft Technologies Limited,2010-04-12
ISGEC,Isgec Heavy Engineering Limited,2021-05-05
ISHANCH,Ishan Dyes and Chemicals Limited,2025-03-24
ITC,ITC Limited,1995-08-23
ITCHOTELS,ITC Hotels Limited,2025-01-29
ITDC,India Tourism Development Corporation Limited,2016-12-30
ITI,ITI Limited,2003-09-15
IVALUE,Ivalue Infosolutions Limited,2025-09-25
IVC,IL&FS Investment Managers Limited,1999-09-15
IVP,IVP Limited,1995-09-13
IWP,The Indian Wood Products Company Limited,2026-04-20
IXIGO,Le Travenues Technology Limited,2024-06-18
IZMO,IZMO Limited,2007-02-05
J&KBANK,The Jammu & Kashmir Bank Limited,1998-07-22
JAGRAN,Jagran Prakashan Limited,2006-02-22
JAGSNPHARM,Jagsonpal Pharmaceuticals Limited,2000-03-01
JAIBALAJI,Jai Balaji Industries Limited,2003-12-09
JAICORPLTD,Jai Corp Limited,1997-11-26
JAINREC,Jain Resource Recycling Limited,2025-10-01
JAIPURKURT,Nandani Creation Limited,2021-09-02
JAMNAAUTO,Jamna Auto Industries Limited,2010-12-10
JARO,Jaro Institute of Technology Management and Research Limited,2025-09-30
JASH,Jash Engineering Limited,2019-10-30
JAYAGROGN,Jayant Agro Organics Limited,1996-04-17
JAYBARMARU,Jay Bharat Maruti Limited,1996-01-03
JAYKAY,Jaykay Enterprises Limited,2025-12-03
JAYNECOIND,Jayaswal Neco Industries Limited,1995-05-10
JAYSREETEA,Jayshree Tea & Industries Limited,1995-02-15
JBCHEPHARM,JB Chemicals & Pharmaceuticals Limited,2003-04-29
JBMA,JBM Auto Limited,2004-12-17
JETFREIGHT,Jet Freight Logistics Limited,2021-12-21
JGCHEM,J.G.Chemicals Limited,2024-03-13
JHS,JHS Svendgaard Laboratories Limited,2006-10-21
JINDALPHOT,Jindal Photo Limited,2005-04-07
JINDALPOLY,Jindal Poly Films Limited,2002-01-21
JINDALSAW,Jindal Saw Limited,2003-04-29
JINDALSTEL,JINDAL STEEL LIMITED,1999-12-29
JINDRILL,Jindal Drilling And Industries Limited,2006-12-22
JINDWORLD,Jindal Worldwide Limited,2010-11-25
JIOFIN,Jio Financial Services Limited,2023-08-21
JISLDVREQS,Jain Irrigation Systems Limited,2011-11-30
JISLJALEQS,Jain Irrigation Systems Limited,2001-08-13
JITFINFRA,JITF Infralogistics Limited,2017-02-27
JKCEMENT,JK Cement Limited,2006-03-14
JKIL,J.Kumar Infraprojects Limited,2008-02-12
JKIPL,Jinkushal Industries Limited,2025-10-03
JKLAKSHMI,JK Lakshmi Cement Limited,2006-06-19
JKPAPER,JK Paper Limited,2005-06-16
JKTYRE,JK Tyre & Industries Limited,2007-03-19
JLHL,Jupiter Life Line Hospitals Limited,2023-09-18
JMA,Jullundur Motor Agency (Delhi) Limited,2015-03-16
JMFINANCIL,JM Financial Limited,2006-10-10
JNKINDIA,JNK India Limited,2024-04-30
JOCIL,Jocil Limited,2008-10-08
JPOLYINVST,Jindal Poly Investment and Finance Company Limited,2013-11-11
JPPOWER,Jaiprakash Power Ventures Limited,2005-04-18
JSFB,Jana Small Finance Bank Limited,2024-02-14
JSL,Jindal Stainless Limited,2003-11-17
JSLL,Jeena Sikho Lifecare Limited,2025-08-11
JSWCEMENT,JSW Cement Limited,2025-08-14
JSWDULUX,JSW Dulux Limited,2001-06-28
JSWENERGY,JSW Energy Limited,2010-01-04
JSWHL,JSW Holdings Limited,2005-06-21
JSWINFRA,JSW Infrastructure Limited,2023-10-03
JSWSTEEL,JSW Steel Limited,2005-03-23
JTEKTINDIA,Jtekt India Limited,2004-01-12
JTLIND,JTL INDUSTRIES LIMITED,2023-06-12
JUBLCPL,Jubilant Agri and Consumer Products Limited,2025-02-14
JUBLFOOD,Jubilant Foodworks Limited,2010-02-08
JUBLINGREA,Jubilant Ingrevia Limited,2021-03-19
JUBLPHARMA,Jubilant Pharmova Limited,2003-06-16
JUNIPER,Juniper Hotels Limited,2024-02-28
JUSTDIAL,Just Dial Limited,2013-06-05
JWL,Jupiter Wagons Limited,2010-10-18
JYOTHYLAB,Jyothy Labs Limited,2007-12-19
JYOTICNC,Jyoti CNC Automation Limited,2024-01-16
JYOTISTRUC,Jyoti Structures Limited,1995-07-19
KABRAEXTRU,Kabra Extrusion Technik Limited,1995-09-06
KAJARIACER,Kajaria Ceramics Limited,2004-06-01
KAKATCEM,Kakatiya Cement Sugar & Industries Limited,1995-12-13
KALAMANDIR,Sai Silks (Kalamandir) Limited,2023-09-27
KALPATARU,Kalpataru Limited,2025-07-01
KALYANI,Kalyani Commercials Limited,2017-02-13
KALYANIFRG,Kalyani Forge Limited,2007-12-20
KALYANKJIL,Kalyan Jewellers India Limited,2021-03-26
KAMAHOLD,Kama Holdings Limited,2026-04-20
KAMATHOTEL,Kamat Hotels (I) Limited,1996-05-29
KAMDHENU,Kamdhenu Limited,2006-05-09
KAMOPAINTS,Kamdhenu Ventures Limited,2023-01-24
KANANIIND,Kanani Industries Limited,2011-12-14
KANCHI,Kanchi Karpooram Limited,2026-04-20
KANORICHEM,Kanoria Chemicals & Industries Limited,1995-02-08
KANPRPLA,Kanpur Plastipack Limited,2021-01-01
KANSAINER,Kansai Nerolac Paints Limited,2003-09-15
KAPSTON,Kapston Services Limited,2020-05-27
KARMAENG,Karma Energy Limited,2011-06-28
KARURVYSYA,Karur Vysya Bank Limited,2000-07-26
KAUSHALYA,Kaushalya Infrastructure Development Corporation Limited,2007-12-14
KAVDEFENCE,Kavveri Defence & Wireless Technologies Limited,2008-01-29
KAYA,Kaya Limited,2015-08-14
KAYNES,Kaynes Technology India Limited,2022-11-22
KCP,KCP Limited,1997-04-09
KCPSUGIND,KCP Sugar and Industries Corporation Limited,1997-06-11
KDDL,KDDL Limited,2016-03-23
KEC,KEC International Limited,2006-03-10
KECL,Kirloskar Electric Company Limited,2010-03-09
KEEPLEARN,DSJ Keep Learning Limited,1995-03-01
KEI,KEI Industries Limited,2006-03-23
KELLTONTEC,Kellton Tech Solutions Limited,2016-03-02
KENNAMET,Kennametal India Limited,2026-04-20
KERNEX,Kernex Microsystems (India) Limited,2005-12-20
KESORAMIND,Kesoram Industries Limited,1995-09-06
KEYFINSERV,Keynote Financial Services Limited,1996-06-26
KFINTECH,Kfin Technologies Limited,2022-12-29
KHADIM,Khadim India Limited,2017-11-14
KHAICHEM,Khaitan Chemicals & Fertilizers Limited,2020-10-30
KHAITANLTD,Khaitan (India) Limited,1995-12-20
KHANDSE,Khandwala Securities Limited,2001-02-07
KICL,Kalyani Investment Company Limited,2011-01-14
KILITCH,Kilitch Drugs (India) Limited,2010-09-29
KIMS,Krishna Institute of Medical Sciences Limited,2021-06-28
KINGFA,Kingfa Science & Technology (India) Limited,2016-11-15
KIOCL,KIOCL Limited,2016-11-29
KIRANVYPAR,Kiran Vyapar Limited,2026-04-20
KIRIINDUS,Kiri Industries Limited,2008-04-22
KIRLFER,Kirloskar Ferrous Industries Limited,2026-04-20
KIRLOSBROS,Kirloskar Brothers Limited,2010-04-20
KIRLOSENG,Kirloskar Oil Engines Limited,2010-12-24
KIRLOSIND,Kirloskar Industries Limited,2010-06-24
KIRLPNU,Kirloskar Pneumatic Company Limited,2023-04-26
KISSHT,OnEMI Technology Solutions Limited,2026-05-08
KITEX,Kitex Garments Limited,2012-09-25
KKCL,Kewal Kiran Clothing Limited,2006-04-13
KLBRENG-B,Kilburn Engineering Limited,2026-04-20
KMEW,Knowledge Marine & Engineering Works Limited,2024-11-14
KMSUGAR,K.M.Sugar Mills Limited,2007-05-31
KNAGRI,KN Agri Resources Limited,2025-12-09
KNRCON,KNR Constructions Limited,2008-02-18
KOHINOOR,Kohinoor Foods Limited,1999-10-20
KOKUYOCMLN,Kokuyo Camlin Limited,2008-07-28
KOLTEPATIL,Kolte - Patil Developers Limited,2007-12-13
KOPRAN,Kopran Limited,1999-06-09
KOTAKBANK,Kotak Mahindra Bank Limited,1995-12-20
KOTARISUG,Kothari Sugars And Chemicals Limited,2004-12-13
KOTHARIPET,Kothari Petrochemicals Limited,1996-11-02
KOTHARIPRO,Kothari Products Limited,1998-06-03
KOTIC,Kothari Industrial Corporation Limited,2026-04-20
KOTYARK,Kotyark Industries Limited,2026-03-12
KOVAI,Kovai Medical Center & Hospital Limited,2026-04-20
KPEL,K.P. Energy Limited,2024-11-14
KPIGREEN,KPI Green Energy Limited,2021-07-27
KPIL,Kalpataru Projects International Limited,2000-12-15
KPITTECH,KPIT Technologies Limited,2019-04-22
KPL,Kwality Pharmaceuticals Limited,2026-04-20
KPRMILL,K.P.R. Mill Limited,2007-08-28
KRBL,KRBL Limited,2002-01-21
KREBSBIO,Krebs Biochemicals and Industries Limited,1996-01-03
KRIDHANINF,Kridhan Infra Limited,2015-12-11
KRISHANA,Krishana Phoschem Limited,2019-08-22
KRISHIVAL,Krishival Foods Limited,2025-06-20
KRISHNADEF,Krishna Defence And Allied Industries Limited,2025-12-30
KRITI,Kriti Industries (India) Limited,2021-11-01
KRITIKA,Kritika Wires Limited,2022-05-04
KRITINUT,Kriti Nutrients Limited,2022-10-07
KRN,KRN Heat Exchanger and Refrigeration Limited,2024-10-03
KRONOX,Kronox Lab Sciences Limited,2024-06-10
KROSS,Kross Limited,2024-09-16
KRSNAA,Krsnaa Diagnostics Limited,2021-08-16
KRYSTAL,Krystal Integrated Services Limited,2024-03-21
KSB,Ksb Limited,1995-02-08
KSCL,Kaveri Seed Company Limited,2007-10-04
KSHINTL,KSH International Limited,2025-12-23
KSHITIJPOL,Kshitij Polyline Limited,2022-07-27
KSL,Kalyani Steels Limited,2010-05-19
KSOLVES,Ksolves India Limited,2022-09-23
KSR,KSR Footwear Limited,2025-11-27
KTKBANK,The Karnataka Bank Limited,2000-05-10
KUANTUM,Kuantum Papers Limited,2019-10-23
KWIL,Kwality Wall's (India) Limited,2026-02-16
LAGNAM,Lagnam Spintex Limited,2021-09-30
LAHOTIOV,Lahoti Overseas Limited,2026-04-20
LAKPRE,Lakshmi Precision Screws Limited,2006-09-26
LAL,Lorenzini Apparels Limited,2023-04-10
LALPATHLAB,Dr. Lal Path Labs Ltd.,2015-12-23
LAMBODHARA,Lambodhara Textiles Limited,2015-02-04
LANCORHOL,Lancor Holdings Limited,2024-03-12
LANDMARK,Landmark Cars Limited,2022-12-23
LANDSMILL,Landsmill Green Limited,2009-08-03
LAOPALA,La Opala RG Limited,2007-03-16
LASA,Lasa Supergenerics Limited,2017-09-21
LATENTVIEW,Latent View Analytics Limited,2021-11-23
LATTEYS,Latteys Industries Limited,2023-05-23
LAURUSLABS,Laurus Labs Limited,2016-12-19
LAXMICOT,Laxmi Cotspin Limited,2021-11-12
LAXMIDENTL,Laxmi Dental Limited,2025-01-20
LAXMIINDIA,Laxmi India Finance Limited,2025-08-05
LCCINFOTEC,LCC Infotech Limited,2000-03-02
LEMERITE,Le Merite Exports Limited,2025-12-12
LEMONTREE,Lemon Tree Hotels Limited,2018-04-09
LENSKART,Lenskart Solutions Limited,2025-11-10
LEXUS,Lexus Granito (India) Limited,2023-03-13
LFIC,Lakshmi Finance & Industrial Corporation Limited,2015-04-15
LGBBROSLTD,LG Balakrishnan & Bros Limited,2010-03-30
LGEINDIA,LG Electronics India Limited,2025-10-14
LGHL,Laxmi Goldorna House Limited,2023-11-10
LIBAS,Libas Consumer Products Limited,2019-07-23
LIBERTSHOE,Liberty Shoes Limited,1995-09-27
LICHSGFIN,LIC Housing Finance Limited,1998-07-29
LICI,Life Insurance Corporation Of India,2022-05-17
LIKHITHA,Likhitha Infrastructure Limited,2020-10-15
LINC,Linc Limited,2015-03-09
LINCOLN,Lincoln Pharmaceuticals Limited,2015-12-17
LINDEINDIA,Linde India Limited,1999-06-16
LLOYDSENGG,LLOYDS ENGINEERING WORKS LIMITED,2016-07-18
LLOYDSENT,Lloyds Enterprises Limited,2024-10-17
LLOYDSME,Lloyds Metals And Energy Limited,2023-07-17
LMW,LMW Limited,1995-03-29
LODHA,Lodha Developers Limited,2021-04-19
LOKESHMACH,Lokesh Machines Limited,2006-05-05
LORDSCHLO,Lords Chloro Alkali Limited,2023-08-28
LOTUSDEV,Sri Lotus Developers and Realty Limited,2025-08-06
LOTUSEYE,Lotus Eye Hospital and Institute Limited,2008-07-11
LOVABLE,Lovable Lingerie Limited,2011-03-24
LOYALTEX,Loyal Textile Mills Limited,2022-08-11
LPDC,Landmark Property Development Company Limited,2008-08-12
LT,Larsen & Toubro Limited,2004-06-23
LTF,L&T Finance Limited,2011-08-12
LTFOODS,LT Foods Limited,2006-12-18
LTM,LTM Limited,2016-07-21
LTTS,L&T Technology Services Limited,2016-09-23
LUMAXIND,Lumax Industries Limited,1995-09-06
LUMAXTECH,Lumax Auto Technologies Limited,2007-01-16
LUPIN,Lupin Limited,2001-09-10
LUXIND,Lux Industries Limited,2015-11-30
LXCHEM,Laxmi Organic Industries Limited,2021-03-25
LYKALABS,Lyka Labs Limited,1995-02-08
LYPSAGEMS,Lypsa Gems & Jewellery Limited,2013-11-05
M&M,Mahindra & Mahindra Limited,1996-01-03
M&MFIN,Mahindra & Mahindra Financial Services Limited,2006-03-17
MAANALU,Maan Aluminium Limited,2007-10-22
MACPOWER,Macpower CNC Machines Limited,2020-08-19
MADHAV,Madhav Marbles and Granites Limited,2007-12-20
MADHAVIPL,Madhav Infra Projects Limited,2026-04-20
MADHUCON,Madhucon Projects Limited,2006-10-05
MADRASFERT,Madras Fertilizers Limited,1997-07-25
MAFATIND,Mafatlal Industries Limited,2026-04-20
MAGADSUGAR,Magadh Sugar & Energy Limited,2017-07-28
MAGNUM,Magnum Ventures Limited,2007-09-20
MAHABANK,Bank of Maharashtra,2004-04-12
MAHAPEXLTD,Maha Rashtra Apex Corporation Limited,1998-01-21
MAHASTEEL,Mahamaya Steel Industries Limited,2016-07-01
MAHEPC,Mahindra EPC Irrigation Limited,2020-02-14
MAHESHWARI,Maheshwari Logistics Limited,2019-04-15
MAHLIFE,Mahindra Lifespace Developers Limited,2000-05-10
MAHLOG,Mahindra Logistics Limited,2017-11-10
MAHSCOOTER,Maharashtra Scooters Limited,1995-02-08
MAHSEAMLES,Maharashtra Seamless Limited,2004-08-25
MAITHANALL,Maithan Alloys Limited,2011-07-05
MAJESAUT,Majestic Auto Limited,2026-04-20
MALLCOM,Mallcom (India) Limited,2022-02-02
MALUPAPER,Malu Paper Mills Limited,2006-04-05
MAMATA,Mamata Machinery Limited,2024-12-27
MANAKALUCO,Manaksia Aluminium Company Limited,2015-03-30
MANAKCOAT,Manaksia Coated Metals & Industries Limited,2015-03-30
MANAKSIA,Manaksia Limited,2008-01-08
MANAKSTEEL,Manaksia Steels Limited,2015-03-30
MANALIPETC,Manali Petrochemicals Limited,2006-12-06
MANAPPURAM,Manappuram Finance Limited,2014-12-01
MANBA,Manba Finance Limited,2024-09-30
MANCREDIT,Mangal Credit and Fincorp Limited,2024-08-16
MANGALAM,Mangalam Drugs And Organics Limited,2005-05-23
MANGLMCEM,Mangalam Cement Limited,1996-01-03
MANINDS,Man Industries (India) Limited,2005-06-24
MANINFRA,Man Infraconstruction Limited,2010-03-11
MANKIND,Mankind Pharma Limited,2023-05-09
MANOMAY,Manomay Tex India Limited,2023-01-18
MANORAMA,Manorama Industries Limited,2022-07-01
MANORG,Mangalam Organics Limited,2021-11-02
MANUGRAPH,Manugraph India Limited,2006-09-14
MANYAVAR,Vedant Fashions Limited,2022-02-16
MAPMYINDIA,C.E. Info Systems Limited,2021-12-21
MARALOVER,Maral Overseas Limited,1995-02-08
MARATHON,Marathon Nextgen Realty Limited,2016-09-29
MARICO,Marico Limited,1996-05-01
MARINE,Marine Electricals (India) Limited,2020-12-02
MARKOLINES,Markolines Pavement Technologies Limited,2025-10-14
MARKSANS,Marksans Pharma Limited,2002-01-21
MARSONS,Marsons Limited,2026-03-13
MARUTI,Maruti Suzuki India Limited,2003-07-09
MASFIN,MAS Financial Services Limited,2017-10-18
MASKINVEST,Mask Investments Limited,2016-10-14
MASTEK,Mastek Limited,1995-05-10
MASTERTR,Master Trust Limited,2024-11-12
MATRIMONY,Matrimony.Com Limited,2017-09-21
MAWANASUG,Mawana Sugars Limited,2009-03-20
MAXESTATES,Max Estates Limited,2023-10-30
MAXHEALTH,Max Healthcare Institute Limited,2020-08-21
MAXIND,Max India Limited,2020-08-28
MAYURUNIQ,Mayur Uniquoters Ltd,2012-09-25
MAZDA,Mazda Limited,2016-11-01
MAZDOCK,Mazagon Dock Shipbuilders Limited,2020-10-12
MBAPL,Madhya Bharat Agro Products Limited,2019-08-22
MBEL,M & B Engineering Limited,2025-08-06
MBLINFRA,MBL Infrastructure Limited,2010-01-11
MCCHRLS-B,Mac Charles India Limited,2026-04-20
MCL,M TEK COPPER LIMITED,2020-08-19
MCLEODRUSS,Mcleod Russel India Limited,2005-07-29
MCLOUD,Magellanic Cloud Limited,2025-02-07
MCX,Multi Commodity Exchange of India Limited,2012-03-09
MEDANTA,Global Health Limited,2022-11-16
MEDIASSIST,Medi Assist Healthcare Services Limited,2024-01-23
MEDICAMEQ,Medicamen Biotech Limited,2021-10-27
MEDICO,Medico Remedies Limited,2022-05-26
MEDPLUS,Medplus Health Services Limited,2021-12-23
MEESHO,Meesho Limited,2025-12-10
MEGASTAR,Megastar Foods Limited,2022-02-16
MEIL,Mangal Electrical Industries Limited,2025-08-28
MENNPIS,Menon Pistons Limited,2026-04-20
MENONBE,Menon Bearings Limited,2015-03-09
MEP,MEP Infrastructure Developers Limited,2015-05-06
MERCANTILE,Mercantile Ventures Limited,2026-04-20
MERCURYEV,Mercury Ev-Tech Limited,2026-06-02
METROBRAND,Metro Brands Limited,2021-12-22
METROGLOBL,Metroglobal Limited,2026-04-20
METROPOLIS,Metropolis Healthcare Limited,2019-04-15
MFML,Mahalaxmi Fabric Mills Limited,2024-08-27
MFSL,Max Financial Services Limited,2000-05-17
MGEL,Mangalam Global Enterprise Limited,2020-12-23
MGL,Mahanagar Gas Limited,2016-07-01
MHLXMIRU,Mahalaxmi Rubtech Limited,2022-01-27
MHRIL,Mahindra Holidays & Resorts India Limited,2009-07-16
MICEL,MIC Electronics Limited,2021-12-17
MIDHANI,Mishra Dhatu Nigam Limited,2018-04-04
MIDWESTLTD,Midwest Limited,2025-10-24
MINDACORP,Minda Corporation Limited,2014-10-16
MINDTECK,Mindteck (India) Limited,2016-08-02
MIRZAINT,Mirza International Limited,1999-04-28
MITCON,MITCON Consultancy & Engineering Services Limited,2022-03-17
MITTAL,Mittal Life Style Limited,2020-04-29
MKPL,M K Proteins Limited,2023-06-13
MMFL,MM Forgings Limited,2006-12-20
MMP,MMP Industries Limited,2020-01-09
MMTC,MMTC Limited,2012-04-09
MMWL,Media Matrix Worldwide Limited,2026-04-20
MOBIKWIK,One Mobikwik Systems Limited,2024-12-18
MODINATUR,Modi Naturals Limited,2025-12-11
MODIRUBBER,Modi Rubber Limited,1996-02-07
MODIS,Modis Navnirman Limited,2025-11-14
MODISONLTD,MODISON LIMITED,2021-05-03
MODTHREAD,Modern Threads (India) Limited,1995-11-22
MOHITIND,Mohit Industries Limited,2013-03-14
MOIL,MOIL Limited,2010-12-15
MOKSH,Moksh Ornaments Limited,2021-05-21
MOL,Meghmani Organics Limited,2021-08-18
MOLDTECH,Mold-Tek Technologies Limited,2016-07-07
MOLDTKPAC,Mold-Tek Packaging Limited,2015-02-23
MONARCH,Monarch Networth Capital Limited,2022-01-06
MONEYBOXX,Moneyboxx Finance Limited,2025-10-15
MONTECARLO,Monte Carlo Fashions Limited,2014-12-19
MORARJEE,Morarjee Textiles Limited,2012-09-14
MOREPENLAB,Morepen Laboratories Limited,1999-11-24
MOSCHIP,Moschip Technologies Limited,2025-02-05
MOTHERSON,Samvardhana Motherson International Limited,1996-08-14
MOTILALOFS,Motilal Oswal Financial Services Limited,2007-09-11
MOTISONS,Motisons Jewellers Limited,2023-12-26
MOTOGENFIN,The Motor & General Finance Limited,1995-02-08
MPHASIS,MphasiS Limited,2004-06-04
MPSLTD,MPS Limited,2002-01-21
MRF,MRF Limited,1996-09-18
MRPL,Mangalore Refinery and Petrochemicals Limited,2005-01-07
MSPL,MSP Steel & Power Limited,2005-07-18
MSTCLTD,Mstc Limited,2019-03-29
MSUMI,Motherson Sumi Wiring India Limited,2022-03-28
MTARTECH,Mtar Technologies Limited,2021-03-15
MTEDUCARE,MT Educare Limited,2012-04-12
MTNL,Mahanagar Telephone Nigam Limited,1999-02-17
MUFIN,Mufin Green Finance Limited,2023-11-06
MUFTI,Credo Brands Marketing Limited,2023-12-27
MUKANDLTD,Mukand Limited,2004-02-23
MUKKA,Mukka Proteins Limited,2024-03-07
MUKTAARTS,Mukta Arts Limited,2000-09-12
MUNJALAU,Munjal Auto Industries Limited,2006-07-19
MUNJALSHOW,Munjal Showa Limited,2003-05-12
MURUDCERA,Murudeshwar Ceramics Limited,2004-05-28
MUTHOOTCAP,Muthoot Capital Services Limited,2015-08-24
MUTHOOTFIN,Muthoot Finance Limited,2011-05-06
MUTHOOTMF,Muthoot Microfin Limited,2023-12-26
MVGJL,Manoj Vaibhav Gems N Jewellers Limited,2023-10-03
MWL,Mangalam Worldwide Limited,2025-09-18
NACLIND,NACL Industries Limited,2017-04-07
NAGREEKCAP,Nagreeka Capital & Infrastructure Limited,2007-09-18
NAGREEKEXP,Nagreeka Exports Limited,2007-06-18
NAHARCAP,Nahar Capital and Financial Services Limited,2008-03-11
NAHARINDUS,Nahar Industrial Enterprises Limited,2005-12-15
NAHARPOLY,Nahar Poly Films Limited,2007-03-23
NAHARSPING,Nahar Spinning Mills Limited,2007-03-23
NAM-INDIA,Nippon Life India Asset Management Limited,2017-11-06
NARMADA,Narmada Agrobase Limited,2022-10-27
NATCAPSUQ,Natural Capsules Limited,2025-02-14
NATCOPHARM,Natco Pharma Limited,1995-12-27
NATHBIOGEN,Nath Bio-Genes (India) Limited,2014-01-28
NATIONALUM,National Aluminium Company Limited,1999-04-28
NATIONSTD,National Standard (India) Limited,2026-04-20
NAUKRI,Info Edge (India) Limited,2006-11-21
NAVA,NAVA LIMITED,1996-04-03
NAVINFLUOR,Navin Fluorine International Limited,2007-06-01
NAVKARCORP,Navkar Corporation Limited,2015-09-09
NAVKARURB,Navkar Urbanstructure Limited,2025-01-17
NAVNETEDUL,Navneet Education Limited,1995-02-08
NAZARA,Nazara Technologies Limited,2021-03-30
NBCC,NBCC (India) Limited,2012-04-12
NBIFIN,N. B. I. Industrial Finance Company Limited,2016-11-23
NCC,NCC Limited,2003-10-14
NCLIND,NCL Industries Limited,2007-04-03
NDGL,Naga Dhunseri Group Limited,2016-08-29
NDL,Nandan Denim Limited,2012-03-23
NDLVENTURE,NDL Ventures Limited,2007-04-24
NDRAUTO,Ndr Auto Components Limited,2020-07-30
NDTV,New Delhi Television Limited,2004-05-19
NEAGI,Neelamalai Agro Industries Limited,2026-04-20
NECCLTD,North Eastern Carrying Corporation Limited,2016-03-02
NECLIFE,Nectar Lifesciences Limited,2005-07-18
NELCAST,Nelcast Limited,2007-06-27
NELCO,NELCO Limited,2003-05-28
NEOGEN,Neogen Chemicals Limited,2019-05-08
NEPHROPLUS,Nephrocare Health Services Limited,2025-12-17
NESCO,Nesco Limited,2008-04-08
NESTLEIND,Nestle India Limited,2023-08-01
NETWEB,Netweb Technologies India Limited,2023-07-27
NETWORK18,Network18 Media & Investments Limited,2007-02-02
NEULANDLAB,Neuland Laboratories Limited,2008-10-13
NEWGEN,Newgen Software Technologies Limited,2018-01-29
NEXTMEDIA,Next Mediaworks Limited,2001-04-04
NFL,National Fertilizers Limited,2006-12-28
NGIL,Nakoda Group of Industries Limited,2021-08-20
NGLFINE,NGL Fine-Chem Limited,2022-07-08
NH,Narayana Hrudayalaya Ltd.,2016-01-06
NHPC,NHPC Limited,2009-09-01
NIACL,The New India Assurance Company Limited,2017-11-13
NIBE,NIBE Limited,2025-02-07
NIBL,NRB Industrial Bearings Limited,2013-04-09
NIITLTD,NIIT Limited,2004-08-16
NIITMTS,NIIT Learning Systems Limited,2023-08-08
NILAINFRA,Nila Infrastructures Limited,2015-05-21
NILASPACES,Nila Spaces Limited,2018-12-28
NILE,Nile Limited,2026-04-20
NILKAMAL,Nilkamal Limited,1995-11-01
NIMBSPROJ,Nimbus Projects Limited,2026-04-06
NINSYS,NINtec Systems Limited,2023-02-21
NIPPOBATRY,Indo-National Limited,1999-10-06
NIRAJ,Niraj Cement Structurals Limited,2020-10-01
NIRAJISPAT,Niraj Ispat Industries Limited,2016-10-27
NIRLON,Nirlon Limited,2026-04-20
NITCO,Nitco Limited,2006-03-21
NITINSPIN,Nitin Spinners Limited,2006-02-02
NITIRAJ,Nitiraj Engineers Limited,2021-04-22
NITTAGELA,Nitta Gelatin India Limited,2026-04-20
NIVABUPA,Niva Bupa Health Insurance Company Limited,2024-11-14
NKIND,NK Industries Limited,1995-07-07
NLCINDIA,NLC India Limited,2000-08-23
NMDC,NMDC Limited,2008-03-03
NOCIL,NOCIL Limited,1996-01-17
NOIDATOLL,Noida Toll Bridge Company Limited,2002-12-06
NORBTEAEXP,Norben Tea & Exports Limited,1996-06-26
NORTHARC,Northern Arc Capital Limited,2024-09-24
NOVAAGRI,Nova Agritech Limited,2024-01-31
NOVARTIND,Novartis India Limited,2026-04-20
NPST,Network People Services Technologies Limited,2025-04-30
NRAIL,N R Agarwal Industries Limited,2017-04-05
NRBBEARING,NRB Bearing Limited,2000-03-08
NRL,Nupur Recyclers Limited,2023-01-12
NSIL,Nalwa Sons Investments Limited,2003-11-17
NSLNISP,NMDC Steel Limited,2023-02-20
NTPC,NTPC Limited,2004-11-05
NTPCGREEN,NTPC Green Energy Limited,2024-11-27
NUCLEUS,Nucleus Software Exports Limited,2002-12-19
NURECA,Nureca Limited,2021-02-25
NUVAMA,Nuvama Wealth Management Limited,2023-09-26
NUVOCO,Nuvoco Vistas Corporation Limited,2021-08-23
NYKAA,FSN E-Commerce Ventures Limited,2021-11-10
OAL,Oriental Aromatics Limited,2019-07-11
OBCL,Orissa Bengal Carrier Limited,2022-04-07
OBEROIRLTY,Oberoi Realty Limited,2010-10-20
OCCLLTD,OCCL Limited,2024-10-29
ODIGMA,Odigma Consultancy Solutions Limited,2024-12-12
OFSS,Oracle Financial Services Software Limited,2002-06-28
OIL,Oil India Limited,2009-09-30
OILCOUNTUB,Oil Country Tubular Limited,1995-08-30
OLAELEC,Ola Electric Mobility Limited,2024-08-09
OLECTRA,Olectra Greentech Limited,2002-03-20
OMAXAUTO,Omax Autos Limited,2003-02-20
OMAXE,Omaxe Limited,2007-08-09
OMFREIGHT,Om Freight Forwarders Limited,2025-10-08
OMINFRAL,OM INFRA LIMITED,2011-06-17
OMNI,Omnitech Engineering Limited,2026-03-05
OMPOWER,Om Power Transmission Limited,2026-04-17
ONELIFECAP,Onelife Capital Advisors Limited,2011-10-17
ONEPOINT,One Point One Solutions Limited,2019-05-09
ONESOURCE,Onesource Specialty Pharma Limited,2025-01-24
ONGC,Oil & Natural Gas Corporation Limited,1995-07-19
ONIDA,Onida Electronics Limited,2004-05-24
ONMOBILE,OnMobile Global Limited,2008-02-19
ONWARDTEC,Onward Technologies Limited,2001-03-07
OPTIEMUS,Optiemus Infracom Limited,2017-08-08
ORBTEXP,Orbit Exports Limited,2013-11-05
ORCHASP,Orchasp Limited,2025-02-07
ORCHPHARMA,Orchid Pharma Limited,2020-11-02
ORICONENT,Oricon Enterprises Limited,2015-07-24
ORIENTALTL,Oriental Trimex Limited,2007-03-07
ORIENTBELL,Orient Bell Limited,2007-02-14
ORIENTCEM,Orient Cement Limited,2013-07-12
ORIENTCER,ORIENT CERATECH LIMITED,2005-12-15
ORIENTELEC,Orient Electric Limited,2018-05-14
ORIENTHOT,Oriental Hotels Limited,1998-08-27
ORIENTLTD,Orient Press Limited,2010-03-03
ORIENTPPR,Orient Paper & Industries Limited,1995-03-29
ORIENTTECH,Orient Technologies Limited,2024-08-28
ORISSAMINE,The Orissa Minerals Development Company Limited,2010-09-29
ORKLAINDIA,Orkla India Limited,2025-11-06
ORTEL,Ortel Communications Limited,2015-03-19
ORTINGLOBE,ORTIN GLOBAL LIMITED,2021-03-30
OSIAHYPER,Osia Hyper Retail Limited,2022-12-01
OSWALAGRO,Oswal Agro Mills Limited,1995-03-29
OSWALGREEN,Oswal Greentech Limited,1996-08-28
OSWALPUMPS,Oswal Pumps Limited,2025-06-20
OSWALSEEDS,ShreeOswal Seeds And Chemicals Limited,2023-02-28
PACEDIGITK,Pace Digitek Limited,2025-10-06
PAGEIND,Page Industries Limited,2007-03-16
PAISALO,Paisalo Digital Limited,2011-10-17
PAKKA,PAKKA LIMITED,2023-07-11
PALASHSECU,Palash Securities Limited,2017-07-28
PALREDTEC,Palred Technologies Limited,2016-05-09
PANACEABIO,Panacea Biotec Limited,1996-04-17
PANACHE,Panache Digilife Limited,2020-01-06
PANAMAPET,Panama Petrochem Limited,2011-09-30
PANSARI,Pansari Developers Limited,2021-10-18
PAR,Par Drugs And Chemicals Limited,2021-09-16
PARACABLES,Paramount Communications Limited,2007-01-03
PARADEEP,Paradeep Phosphates Limited,2022-05-27
PARAGMILK,Parag Milk Foods Limited,2016-05-19
PARAS,Paras Defence and Space Technologies Limited,2021-10-01
PARASPETRO,Paras Petrofils Limited,1996-02-14
PARKHOSPS,Park Medi World Limited,2025-12-17
PARKHOTELS,Apeejay Surrendra Park Hotels Limited,2024-02-12
PARSVNATH,Parsvnath Developers Limited,2006-11-30
PASHUPATI,Pashupati Cotspin Limited,2025-07-17
PASUPTAC,Pasupati Acrylon Limited,2021-10-12
PATANJALI,Patanjali Foods Limited,2020-01-24
PATELENG,Patel Engineering Limited,2005-02-24
PATELRMART,Patel Retail Limited,2025-08-26
PATINTLOG,Patel Integrated Logistics Limited,2008-01-11
PAUSHAKLTD,Paushak Limited,2025-12-01
PAVNAIND,Pavna Industries Limited,2023-06-01
PAYTM,One 97 Communications Limited,2021-11-18
PCBL,PCBL Chemical Limited,1995-03-29
PCJEWELLER,PC Jeweller Limited,2012-12-27
PDMJEPAPER,Pudumjee Paper Products Limited,2016-03-30
PDSL,PDS Limited,2014-10-21
PEARLPOLY,Pearl Polymers Limited,1995-10-11
PENIND,Pennar Industries Limited,2010-11-25
PENINLAND,Peninsula Land Limited,1995-02-08
PERSISTENT,Persistent Systems Limited,2010-04-06
PETRONET,Petronet LNG Limited,2004-03-26
PFC,Power Finance Corporation Limited,2007-02-23
PFIZER,Pfizer Limited,1999-04-28
PFOCUS,Prime Focus Limited,2006-06-20
PFS,PTC India Financial Services Limited,2011-03-30
PGEL,PG Electroplast Limited,2011-09-26
PGHH,Procter & Gamble Hygiene and Health Care Limited,2004-07-07
PGHL,Procter & Gamble Health Limited,1996-04-24
PGIL,Pearl Global Industries Limited,2007-02-15
PHOENIXLTD,The Phoenix Mills Limited,2007-04-23
PICCADIL,Piccadily Agro Industries Limited,2025-07-02
PIDILITIND,Pidilite Industries Limited,1995-03-29
PIGL,Power & Instrumentation (Gujarat) Limited,2023-05-17
PIIND,PI Industries Limited,2011-06-15
PILANIINVS,Pilani Investment and Industries Corporation Limited,2015-12-08
PILITA,PIL ITALICA LIFESTYLE LIMITED,2013-10-07
PINELABS,Pine Labs Limited,2025-11-14
PIONEEREMB,Pioneer Embroideries Limited,2006-05-16
PIONRINV,Pioneer Investcorp Limited,2026-04-20
PIRAMALFIN,Piramal Finance Limited,2025-11-07
PITTIENG,Pitti Engineering Limited,2007-02-02
PIXTRANS,Pix Transmissions Limited,2022-04-28
PKTEA,The Peria Karamalai Tea & Produce Company Limited,2015-08-19
PLASTIBLEN,Plastiblends India Limited,2006-12-28
PLATIND,Platinum Industries Limited,2024-03-05
PLAZACABLE,Plaza Wires Limited,2023-10-12
PML,Paul Merchants Limited,2026-04-20
PNB,Punjab National Bank,2002-04-24
PNBGILTS,PNB Gilts Limited,2000-09-18
PNBHOUSING,PNB Housing Finance Limited,2016-11-07
PNC,Pritish Nandy Communications Limited,2000-12-11
PNCINFRA,PNC Infratech Limited,2015-05-26
PNGJL,P N Gadgil Jewellers Limited,2024-09-17
PNGSREVA,PNGS Reva Diamond Jewellery Limited,2026-03-04
POCL,Pondy Oxides & Chemicals Limited,2023-03-06
PODDARMENT,Poddar Pigments Limited,2016-11-22
POKARNA,Pokarna Limited,2016-07-07
POLICYBZR,PB Fintech Limited,2021-11-15
POLYCAB,Polycab India Limited,2019-04-16
POLYMED,Poly Medicure Limited,2011-12-07
POLYPLEX,Polyplex Corporation Limited,2003-04-11
PONNIERODE,Ponni Sugars (Erode) Limited,2002-04-16
POONAWALLA,Poonawalla Fincorp Limited,2004-04-27
POWERGRID,Power Grid Corporation of India Limited,2007-10-05
POWERICA,Powerica Limited,2026-04-02
POWERINDIA,Hitachi Energy India Limited,2020-03-30
POWERMECH,Power Mech Projects Limited,2015-08-26
PPAP,PPAP Automotive Limited,2008-01-11
PPL,Prakash Pipes Limited,2019-06-14
PPLPHARMA,Piramal Pharma Limited,2022-10-19
PRABHA,Prabha Energy Limited,2025-03-19
PRADPME,Pradeep Metals Limited,2026-04-20
PRAENG,Prajay Engineers Syndicate Limited,2007-01-02
PRAJIND,Praj Industries Limited,1995-10-11
PRAKASH,Prakash Industries Limited,1995-05-10
PRAKASHSTL,Prakash Steelage Limited,2010-08-25
PRAVEG,Praveg Limited,2026-04-20
PRAXIS,Praxis Home Retail Limited,2018-01-31
PRECAM,Precision Camshafts Limited,2016-02-08
PRECOT,Precot Limited,2005-08-19
PRECWIRE,Precision Wires India Limited,1995-09-06
PREMCO,Premco Global Limited,2026-04-20
PREMEXPLN,Premier Explosives Limited,2016-06-17
PREMIER,Premier Limited,1996-04-03
PREMIERENE,Premier Energies Limited,2024-09-03
PREMIERPOL,Premier Polyfilm Limited,1995-12-13
PRESTIGE,Prestige Estates Projects Limited,2010-10-27
PRICOLLTD,Pricol Limited,2017-02-10
PRIMESECU,Prime Securities Limited,2005-06-17
PRIMO,Primo Chemicals Limited,2025-04-22
PRINCEPIPE,Prince Pipes And Fittings Limited,2019-12-30
PRITI,Priti International Limited,2022-03-02
PRITIKAUTO,Pritika Auto Industries Limited,2021-08-10
PRIVISCL,Privi Speciality Chemicals Limited,2015-05-08
PROSTARM,Prostarm Info Systems Limited,2025-06-03
PROTEAN,Protean eGov Technologies Limited,2025-02-06
PROZONER,Prozone Realty Limited,2012-09-12
PRSMJOHNSN,Prism Johnson Limited,2003-08-20
PRUDENT,Prudent Corporate Advisory Services Limited,2022-05-20
PRUDMOULI,Prudential Sugar Corporation Limited,1995-05-10
PSB,Punjab & Sind Bank,2010-12-30
PSPPROJECT,PSP Projects Limited,2017-05-29
PTC,PTC India Limited,2004-04-07
PTCIL,PTC Industries Limited,2023-06-09
PTL,PTL Enterprises Limited,2007-01-29
PUNJABCHEM,Punjab Chemicals & Crop Protection Limited,2007-03-08
PURVA,Puravankara Limited,2007-08-30
PVP,PVP Ventures Limited,1996-04-03
PVRINOX,PVR INOX Limited,2006-01-04
PVSL,Popular Vehicles and Services Limited,2024-03-19
PWL,Physicswallah Limited,2025-11-18
PYRAMID,Pyramid Technoplast Limited,2023-08-29
QMSMEDI,QMS Medical Allied Services Limited,2026-06-18
QPOWER,Quality Power Electrical Equipments Limited,2025-02-24
QUADFUTURE,Quadrant Future Tek Limited,2025-01-14
QUESS,Quess Corp Limited,2016-07-12
QUICKHEAL,Quick Heal Technologies Limited,2016-02-18
QUINT,Quint Digital Limited,2026-04-20
RACE,Race Eco Chain Limited,2023-05-09
RACLGEAR,RACL Geartech Limited,2024-11-27
RADAAN,Radaan Mediaworks India Limited,2003-02-27
RADHIKAJWE,Radhika Jeweltech Limited,2022-07-18
RADIANTCMS,Radiant Cash Management Services Limited,2023-01-04
RADICO,Radico Khaitan Limited,2003-06-18
RADIOCITY,Music Broadcast Limited,2017-03-17
RAILTEL,Railtel Corporation Of India Limited,2021-02-26
RAIN,Rain Industries Limited,2008-03-03
RAINBOW,Rainbow Childrens Medicare Limited,2022-05-10
RAJESHEXPO,Rajesh Exports Limited,2000-02-09
RAJMET,Rajnandini Metal Limited,2021-02-16
RAJOOENG,Rajoo Engineers Limited,2025-05-29
RAJPALAYAM,Rajapalayam Mills Limited,2026-04-20
RAJRATAN,Rajratan Global Wire Limited,2020-05-22
RAJRILTD,Raj Rayon Industries Limited,2022-03-16
RAJSREESUG,Rajshree Sugars & Chemicals Limited,1995-03-29
RAJTV,Raj Television Network Limited,2007-03-16
RALLIS,Rallis India Limited,1999-04-01
RAMANEWS,Shree Rama Newsprint Limited,2006-09-20
RAMAPHO,Rama Phosphates Limited,2022-08-05
RAMASTEEL,Rama Steel Tubes Limited,2015-08-19
RAMCOCEM,The Ramco Cements Limited,1997-04-09
RAMCOIND,Ramco Industries Limited,1996-11-06
RAMCOSYS,Ramco Systems Limited,2000-04-12
RAMKY,Ramky Infrastructure Limited,2010-10-08
RAMRAT,Ram Ratna Wires Limited,2022-07-29
RANASUG,Rana Sugars Limited,2005-02-24
RANEHOLDIN,Rane Holdings Limited,1997-09-24
RATEGAIN,Rategain Travel Technologies Limited,2021-12-17
RATNAMANI,Ratnamani Metals & Tubes Limited,2006-05-09
RATNAVEER,Ratnaveer Precision Engineering Limited,2023-09-11
RAYMOND,Raymond Limited,1995-10-18
RAYMONDLSL,Raymond Lifestyle Limited,2024-09-05
RAYMONDREL,Raymond Realty Limited,2025-07-01
RBA,Restaurant Brands Asia Limited,2020-12-14
RBLBANK,RBL Bank Limited,2016-08-31
RBZJEWEL,RBZ Jewellers Limited,2023-12-27
RCF,Rashtriya Chemicals and Fertilizers Limited,1998-01-07
RCOM,Reliance Communications Limited,2006-03-06
RECLTD,REC Limited,2008-03-12
REDINGTON,Redington Limited,2007-02-15
REDTAPE,Redtape Limited,2023-08-11
REFEX,Refex Industries Limited,2009-12-03
REGAAL,Regaal Resources Limited,2025-08-20
REGENCERAM,Regency Ceramics Limited,1996-06-05
RELAXO,Relaxo Footwears Limited,2011-06-17
RELCHEMQ,Reliance Chemotex Industries Limited,2022-05-25
RELIABLE,Reliable Data Services Limited,2024-07-10
RELIANCE,Reliance Industries Limited,1995-11-29
RELIGARE,Religare Enterprises Limited,2007-11-21
RELTD,Ravindra Energy Limited,2024-07-30
REMSONSIND,Remsons Industries Limited,1996-01-31
RENUKA,Shree Renuka Sugars Limited,2005-10-31
REPCOHOME,Repco Home Finance Limited,2013-04-01
REPL,Rudrabhishek Enterprises Limited,2020-12-14
REPRO,Repro India Limited,2005-12-22
RESPONIND,Responsive Industries Limited,2010-10-29
RETAIL,JHS Svendgaard Retail Ventures Limited,2024-06-26
RGL,Renaissance Global Limited,2007-12-12
RHETAN,Rhetan TMT Limited,2025-09-26
RHFL,Reliance Home Finance Limited,2017-09-22
RHIM,RHI MAGNESITA INDIA LIMITED,2012-03-12
RHL,Robust Hotels Limited,2023-04-25
RICOAUTO,Rico Auto Industries Limited,2003-05-12
RIIL,Reliance Industrial Infrastructure Limited,1995-11-29
RISHABH,Rishabh Instruments Limited,2023-09-11
RITCO,Ritco Logistics Limited,2022-04-12
RITES,RITES Limited,2018-07-02
RKDL,Ravi Kumar Distilleries Limited,2010-12-27
RKEC,RKEC Projects Limited,2020-12-18
RKFORGE,Ramkrishna Forgings Limited,2004-05-05
RKSWAMY,R K Swamy Limited,2024-03-12
RMC,RMC Switchgears Limited,2026-04-01
RMDRIP,R M Drip and Sprinklers Systems Limited,2025-07-30
RML,Rane (Madras) Limited,2005-08-30
RNBDENIMS,R&B Denims Limited,2025-09-04
ROHLTD,Royal Orchid Hotels Limited,2006-02-06
ROLEXRINGS,Rolex Rings Limited,2021-08-09
ROLLT,Rollatainers Limited,2016-11-22
ROML,Raj Oil Mills Limited,2020-10-06
ROSSARI,Rossari Biotech Limited,2020-07-23
ROSSELLIND,Rossell India Limited,2012-09-25
ROSSTECH,Rossell Techsys Limited,2024-12-09
ROTO,Roto Pumps Limited,2022-04-21
ROUTE,ROUTE MOBILE LIMITED,2020-09-21
RPEL,Raghav Productivity Enhancers Limited,2024-08-08
RPGLIFE,RPG Life Sciences Limited,2008-06-10
RPOWER,Reliance Power Limited,2008-02-11
RPPINFRA,R.P.P. Infra Projects Limited,2010-12-06
RPPL,Rajshree Polypack Limited,2021-11-26
RPSGVENT,RPSG VENTURES LIMITED,2019-01-25
RPTECH,Rashi Peripherals Limited,2024-02-14
RRIL,RRIL Limited,2026-04-20
RRKABEL,R R Kabel Limited,2023-09-20
RSDFIN,RSD Finance Limited,2026-04-20
RSL,Rajputana Stainless Limited,2026-03-19
RSSOFTWARE,R. S. Software (India) Limited,1999-05-19
RSWM,RSWM Limited,1995-02-15
RSYSTEMS,R Systems International Limited,2006-04-26
RTNINDIA,RattanIndia Enterprises Limited,2012-07-30
RTNPOWER,RattanIndia Power Limited,2009-10-30
RUBFILA,Rubfila International Limited,2024-08-08
RUBICON,Rubicon Research Limited,2025-10-16
RUBYMILLS,The Ruby Mills Limited,1995-03-29
RUCHINFRA,Ruchi Infrastructure Limited,1996-10-16
RUCHIRA,Ruchira Papers Limited,2006-12-20
RUDRA,Rudra Global Infra Products Limited,2025-12-19
RUPA,Rupa & Company Limited,2011-12-07
RUSHIL,Rushil Decor Limited,2011-07-07
RUSTOMJEE,Keystone Realtors Limited,2022-11-24
RVHL,Ravinder Heights Limited,2020-12-18
RVNL,Rail Vikas Nigam Limited,2019-04-11
RVTH,Revathi Equipment India Limited,2024-09-11
S&SPOWER,S&S Power Switchgears Limited,1995-09-27
SAATVIKGL,Saatvik Green Energy Limited,2025-09-26
SABEVENTS,Sab Events & Governance Now Media Limited,2016-09-15
SADBHAV,Sadbhav Engineering Limited,2006-03-01
SADBHIN,Sadbhav Infrastructure Project Limited,2015-09-16
SADHNANIQ,Sadhana Nitrochem Limited,2023-05-05
SAFARI,Safari Industries (India) Limited,2019-09-12
SAGARDEEP,Sagardeep Alloys Limited,2019-01-25
SAGCEM,Sagar Cements Limited,2007-01-29
SAGILITY,SAGILITY LIMITED,2024-11-12
SAHLIBHFI,Shalibhadra Finance Limited,2026-04-10
SAHYADRI,Sahyadri Industries Limited,2023-04-06
SAIL,Steel Authority of India Limited,1995-07-06
SAILIFE,Sai Life Sciences Limited,2024-12-18
SAIPARENT,Sai Parenterals Limited,2026-04-02
SAKAR,Sakar Healthcare Limited,2019-04-11
SAKHTISUG,Sakthi Sugars Limited,1995-09-06
SAKSOFT,Saksoft Limited,2005-05-09
SAKUMA,Sakuma Exports Limited,2006-03-08
SALASAR,Salasar Techno Engineering Limited,2017-07-25
SALONA,Salona Cotspin Limited,2016-06-16
SALSTEEL,S.A.L. Steel Limited,2004-11-24
SALZERELEC,Salzer Electronics Limited,2015-12-02
SAMBHAAV,Sambhaav Media Limited,1996-06-05
SAMBHV,Sambhv Steel Tubes Limited,2025-07-02
SAMHI,Samhi Hotels Limited,2023-09-22
SAMMAANCAP,Sammaan Capital Limited,2013-07-23
SAMPANN,Sampann Utpadan India Limited,2012-07-27
SANATHAN,Sanathan Textiles Limited,2024-12-27
SANDESH,The Sandesh Limited,2002-11-26
SANDHAR,Sandhar Technologies Limited,2018-04-02
SANDUMA,Sandur Manganese & Iron Ores Limited,2023-09-07
SANGAMIND,Sangam (India) Limited,1996-07-17
SANGHVIMOV,Sanghvi Movers Limited,2007-01-24
SANGINITA,Sanginita Chemicals Limited,2019-07-15
SANOFI,Sanofi India Limited,2003-05-19
SANOFICONR,Sanofi Consumer Healthcare India Limited,2024-09-13
SANSERA,Sansera Engineering Limited,2021-09-24
SANSTAR,Sanstar Limited,2024-07-26
SANWARIA,Sanwaria Consumer Limited,2006-03-27
SAPPHIRE,Sapphire Foods India Limited,2021-11-18
SAPPL,Shree Ajit Pulp & Paper Limited,2026-04-20
SARDAEN,Sarda Energy & Minerals Limited,2009-12-03
SAREGAMA,Saregama India Limited,1997-07-30
SARLAPOLY,Sarla Performance Fibers Limited,2007-01-19
SARVESHWAR,Sarveshwar Foods Limited,2022-12-08
SASKEN,Sasken Technologies Limited,2005-09-09
SATIA,Satia Industries Limited,2019-07-17
SATIN,Satin Creditcare Network Limited,2015-08-26
SAURASHCEM,Saurashtra Cement Limited,2024-02-27
SAYAJIHOTL,Sayaji Hotels Limited,2026-04-20
SBC,SBC Exports Limited,2021-11-23
SBCL,Shivalik Bimetal Controls Limited,2021-06-24
SBFC,SBFC Finance Limited,2023-08-16
SBGLP,Suratwwala Business Group Limited,2023-02-10
SBICARD,SBI Cards and Payment Services Limited,2020-03-16
SBILIFE,SBI Life Insurance Company Limited,2017-10-03
SBIN,State Bank of India,1995-03-01
SCANSTL,Scan Steels Limited,2026-04-20
SCHAEFFLER,Schaeffler India Limited,2000-11-29
SCHAND,S Chand And Company Limited,2017-05-09
SCHNEIDER,Schneider Electric Infrastructure Limited,2012-03-20
SCI,Shipping Corporation Of India Limited,1997-08-13
SCILAL,Shipping Corporation of India Land and Assets Limited,2024-03-19
SCODATUBES,Scoda Tubes Limited,2025-06-04
SCPL,Sheetal Cool Products Limited,2022-11-22
SDBL,Som Distilleries & Breweries Limited,2014-03-18
SEAMECLTD,Seamec Limited,1995-06-28
SECMARK,SecMark Consultancy Limited,2023-10-16
SECURKLOUD,SECUREKLOUD TECHNOLOGIES LIMITED,2014-01-29
SEDEMAC,SEDEMAC Mechatronics Limited,2026-03-11
SEIL,Shanti Educational Initiatives Limited,2026-04-20
SEJALLTD,Sejal Glass Limited,2021-12-13
SELMC,SEL Manufacturing Company Limited,2021-10-26
SEMAC,Semac Construction Limited,2005-08-11
SENCO,Senco Gold Limited,2023-07-14
SENORES,Senores Pharmaceuticals Limited,2024-12-30
SEPC,SEPC Limited,2008-02-20
SERVOTECH,Servotech Renewable Power System Limited,2021-09-02
SESHAPAPER,Seshasayee Paper and Boards Limited,1995-03-29
SETCO,Setco Automotive Limited,2016-07-01
SETL,Standard Engineering Technology Limited,2025-01-13
SETUINFRA,Setubandhan Infrastructure Limited,2011-10-04
SEYAIND,Seya Industries Limited,2019-07-11
SFL,Sheela Foam Limited,2016-12-09
SGFIN,SG Finserve Limited,2025-08-05
SGIL,Synergy Green Industries Limited,2021-07-28
SGL,STL Global Limited,2006-04-10
SGMART,SG Mart Limited,2025-09-12
SHADOWFAX,Shadowfax Technologies Limited,2026-01-28
SHAH,Shah Metacorp Limited,2010-10-27
SHAHALLOYS,Shah Alloys Limited,2005-06-16
SHAILY,Shaily Engineering Plastics Limited,2022-04-04
SHAKTIPUMP,Shakti Pumps (India) Limited,2015-01-29
SHALBY,Shalby Limited,2017-12-15
SHALPAINTS,Shalimar Paints Limited,2008-03-03
SHANKARA,Shankara Building Products Limited,2017-04-05
SHANTI,Shanti Overseas (India) Limited,2021-09-16
SHANTIGEAR,Shanthi Gears Limited,1996-01-17
SHANTIGOLD,Shanti Gold International Limited,2025-08-01
SHARDACROP,Sharda Cropchem Limited,2014-09-23
SHARDAMOTR,Sharda Motor Industries Limited,2015-09-03
SHARDUL,Shardul Securities Limited,2026-04-20
SHAREINDIA,Share India Securities Limited,2020-09-21
SHBAJRG,Shri Bajrang Alliance Limited,2026-04-20
SHEKHAWATI,Shekhawati Industries Limited,2011-01-12
SHEMAROO,Shemaroo Entertainment Limited,2014-10-01
SHILCTECH,Shilchar Technologies Limited,2025-11-24
SHILPAMED,Shilpa Medicare Limited,2009-12-03
SHINDL,Sharat Industries Limited,2026-04-20
SHIVALIK,Shivalik Rasayan Limited,2021-12-09
SHIVAMAUTO,Shivam Autotech Limited,2006-11-21
SHIVAMILLS,Shiva Mills Limited,2018-02-26
SHIVATEX,Shiva Texyarn Limited,2017-12-26
SHIVAUM,Shiv Aum Steels Limited,2025-11-14
SHK,S H Kelkar and Company Limited,2015-11-16
SHOPERSTOP,Shoppers Stop Limited,2005-05-23
SHRADHA,Shradha Realty Limited,2020-10-22
SHREDIGCEM,Shree Digvijay Cement Co.Ltd,2020-01-28
SHREECEM,SHREE CEMENT LIMITED,1995-04-26
SHREEJISPG,Shreeji Shipping Global Limited,2025-08-26
SHREEPUSHK,Shree Pushkar Chemicals & Fertilisers Limited,2015-09-10
SHREERAMA,Shree Rama Multi-Tech Limited,2000-03-13
SHRENIK,Shrenik Limited,2019-08-02
SHREYANIND,Shreyans Industries Limited,1996-11-06
SHRIKRISH,Shri Krishna Devcon Limited,2026-04-20
SHRINGARMS,Shringar House of Mangalsutra Limited,2025-09-17
SHRIPISTON,Shriram Pistons & Rings Limited,2016-06-02
SHRIRAMFIN,Shriram Finance Limited,1996-12-11
SHRIRAMPPS,Shriram Properties Limited,2021-12-20
SHYAMCENT,Shyam Century Ferrous Limited,2015-07-28
SHYAMMETL,Shyam Metalics and Energy Limited,2021-06-24
SHYAMTEL,Shyam Telecom Limited,2006-11-06
SICAGEN,Sicagen India Limited,2026-04-20
SIEMENS,Siemens Limited,1995-09-06
SIGACHI,Sigachi Industries Limited,2021-11-15
SIGIND,Signet Industries Limited,2018-08-29
SIGMA,Sigma Solve Limited,2023-06-09
SIGMAADV,SIGMA ADVANCED SYSTEMS LIMITED,2007-07-19
SIGNATURE,Signatureglobal (India) Limited,2023-09-27
SIGNPOST,Signpost India Limited,2024-02-14
SIKA,Sika Interplant Systems Limited,2026-04-20
SIKKO,Sikko Industries Limited,2021-10-22
SIL,Standard Industries Limited,2004-01-27
SILGO,Silgo Retail Limited,2021-03-03
SILINV,SIL Investments Limited,1996-05-22
SILLYMONKS,Silly Monks Entertainment Limited,2020-07-08
SILVERTUC,Silver Touch Technologies Limited,2022-05-12
SIMBHALS,Simbhaoli Sugars Limited,2016-03-14
SIMPLEXINF,Simplex Infrastructures Limited,2004-03-09
SINCLAIR,Sinclairs Hotels Limited,2024-04-10
SINDHUTRAD,Sindhu Trade Links Limited,2023-06-20
SINGERIND,Singer India Limited,2026-03-19
SINTERCOM,Sintercom India Limited,2020-10-07
SIRCA,Sirca Paints India Limited,2019-07-22
SIS,SIS LIMITED,2017-08-10
SITINET,Siti Networks Limited,2007-01-10
SIYSIL,Siyaram Silk Mills Limited,2007-01-29
SJS,S.J.S. Enterprises Limited,2021-11-15
SJVN,SJVN Limited,2010-05-20
SKFINDIA,SKF India Limited,1999-01-27
SKFINDUS,SKF India (Industrial) Limited,2025-12-05
SKIPPER,Skipper Limited,2015-05-27
SKMEGGPROD,SKM Egg Products Export (India) Limited,1997-03-14
SKYGOLD,SKY GOLD AND DIAMONDS LIMITED,2023-01-06
SMARTLINK,Smartlink Holdings Limited,2001-04-11
SMARTWORKS,Smartworks Coworking Spaces Limited,2025-07-17
SMCGLOBAL,SMC Global Securities Limited,2021-02-24
SMLMAH,SML Mahindra Limited,2003-08-29
SMLT,Sarthak Metals Limited,2021-11-25
SMSPHARMA,SMS Pharmaceuticals Limited,2007-02-28
SNOWMAN,Snowman Logistics Limited,2014-09-12
SOBHA,Sobha Limited,2006-12-20
SOFTTECH,Softtech Engineers Limited,2022-02-25
SOLARA,Solara Active Pharma Sciences Limited,2018-06-27
SOLARINDS,Solar Industries India Limited,2006-04-03
SOLARWORLD,Solarworld Energy Solutions Limited,2025-09-30
SOLEX,Solex Energy Limited,2025-10-08
SOMANYCERA,Somany Ceramics Limited,1995-11-22
SOMATEX,Soma Textiles & Industries Limited,1996-08-14
SOMICONVEY,Somi Conveyor Beltings Limited,2016-07-18
SONACOMS,Sona BLW Precision Forgings Limited,2021-06-24
SONAL,Sonal Mercantile Limited,2026-04-20
SONAMLTD,SONAM LIMITED,2022-04-07
SONATSOFTW,Sonata Software Limited,1999-07-28
SOTL,Savita Oil Technologies Limited,1995-06-28
SOUTHBANK,The South Indian Bank Limited,1998-12-08
SOUTHWEST,South West Pinnacle Exploration Limited,2019-04-18
SPAL,S. P. Apparels Limited,2016-08-12
SPANDANA,Spandana Sphoorty Financial Limited,2019-08-19
SPARC,Sun Pharma Advanced Research Company Limited,2007-07-18
SPCENET,Spacenet Enterprises India Limited,2017-01-10
SPECIALITY,Speciality Restaurants Limited,2012-05-30
SPECTRUM,Spectrum Electrical Industries Limited,2025-03-28
SPENCERS,Spencer's Retail Limited,2019-01-25
SPIC,Southern Petrochemicals Industries Corporation  Limited,1996-01-10
SPLIL,SPL Industries Limited,2005-07-26
SPLPETRO,Supreme Petrochem Limited,2022-05-24
SPMLINFRA,SPML Infra Limited,1996-02-14
SPORTKING,Sportking India Limited,2022-08-24
SRD,Shankar Lal Rampal Dye-Chem Limited,2024-10-09
SREEL,Sreeleathers Limited,2014-01-01
SRF,SRF Limited,2003-08-18
SRGHFL,SRG Housing Finance Limited,2023-08-21
SRHHYPOLTD,Sree Rayalaseema Hi-Strength Hypo Limited,2007-05-08
SRM,SRM Contractors Limited,2024-04-03
SRTL,Shree Ram Twistex Limited,2026-03-02
SSDL,Saraswati Saree Depot Limited,2024-08-20
SSWL,Steel Strips Wheels Limited,2005-06-06
STALLION,Stallion India Fluorochemicals Limited,2025-01-23
STANLEY,Stanley Lifestyles Limited,2024-06-28
STAR,Strides Pharma Science Limited,2000-02-02
STARCEMENT,Star Cement Limited,2017-06-16
STARHEALTH,Star Health and Allied Insurance Company Limited,2021-12-10
STARPAPER,Star Paper Mills Limited,1995-09-13
STARTECK,Starteck Finance Limited,2022-05-04
STCINDIA,The State Trading Corporation of India Limited,2003-04-01
STEELCAS,Steelcast Limited,2021-11-23
STEELCITY,Steel City Securities Limited,2019-06-27
STEELXIND,STEEL EXCHANGE INDIA LIMITED,2017-07-20
STEL,Stel Holdings Limited,2011-02-09
STERTOOLS,Sterling Tools Limited,2006-02-02
STLNETWORK,STL Networks Limited,2025-09-04
STLTECH,Sterlite Technologies Limited,2000-12-08
STOVEKRAFT,Stove Kraft Limited,2021-02-05
STUDDS,Studds Accessories Limited,2025-11-07
STYL,Seshaasai Technologies Limited,2025-09-30
STYLAMIND,Stylam Industries Limited,2021-08-02
STYLEBAAZA,Baazar Style Retail Limited,2024-09-06
STYRENIX,Styrenix Performance Materials Limited,1995-03-29
SUBEXLTD,Subex Limited,2020-11-05
SUBROS,Subros Limited,2005-07-13
SUDARCOLOR,Sudarshan Colorants India Limited,1995-06-14
SUDARSCHEM,Sudarshan Chemical Industries Limited,1995-05-25
SUDEEPPHRM,Sudeep Pharma Limited,2025-11-28
SUKHJITS,Sukhjit Starch & Chemicals Limited,2022-11-07
SULA,Sula Vineyards Limited,2022-12-22
SUMEET-RE,Sumeet Industries Limited-RE,2026-06-22
SUMEETINDS,Sumeet Industries Limited,2010-12-10
SUMICHEM,Sumitomo Chemical India Limited,2020-01-27
SUMIT,Sumit Woods Limited,2019-07-30
SUMMITSEC,Summit Securities Limited,2011-01-28
SUNCLAY,Sundaram Clayton Limited,2023-12-29
SUNDARAM,Sundaram Multi Pap Limited,2010-06-02
SUNDARMFIN,Sundaram Finance Limited,1998-01-07
SUNDRMBRAK,Sundaram Brake Linings Limited,1996-07-17
SUNDRMFAST,Sundram Fasteners Limited,2000-06-07
SUNDROP,Sundrop Brands Limited,2002-12-06
SUNFLAG,Sunflag Iron And Steel Company Limited,2005-09-29
SUNPHARMA,Sun Pharmaceutical Industries Limited,1995-02-08
SUNTECK,Sunteck Realty Limited,2009-11-13
SUNTV,Sun TV Network Limited,2006-04-24
SUPERHOUSE,Superhouse Limited,2014-09-26
SUPERSPIN,Super Spinning Mills Limited,2004-07-08
SUPRAJIT,Suprajit Engineering Limited,2005-02-18
SUPREME,Supreme Holdings & Hospitality (India) Limited,2025-02-03
SUPREMEENG,Supreme Engineering Limited,2020-12-04
SUPREMEIND,Supreme Industries Limited,1995-07-19
SUPREMEINF,Supreme Infrastructure India Limited,2007-10-18
SUPRIYA,Supriya Lifescience Limited,2021-12-28
SURAJEST,Suraj Estate Developers Limited,2023-12-26
SURAJLTD,Suraj Limited,2024-08-29
SURAKSHA,Suraksha Diagnostic Limited,2024-12-06
SURANASOL,Surana Solar Limited,2011-01-07
SURANAT&P,Surana Telecom and Power Limited,2002-05-22
SURYALA,Suryalata Spinning Mills Limited,2026-04-20
SURYALAXMI,Suryalakshmi Cotton Mills Limited,2005-06-15
SURYAROSNI,Surya Roshni Limited,1995-05-10
SURYODAY,Suryoday Small Finance Bank Limited,2021-03-26
SUTLEJTEX,Sutlej Textiles and Industries Limited,2006-12-14
SUVEN,Suven Life Sciences Limited,2003-10-23
SUVIDHAA,Suvidhaa Infoserve Limited,2021-03-31
SUYOG,Suyog Telematics Limited,2024-08-20
SUZLON,Suzlon Energy Limited,2005-10-19
SVLL,Shree Vasu Logistics Limited,2023-04-21
SVPGLOB,SVP GLOBAL TEXTILES LIMITED,2021-07-14
SWANCORP,SWAN CORP LIMITED,2012-05-29
SWANDEF,Swan Defence and Heavy Industries Limited,2025-01-20
SWARAJENG,Swaraj Engines Limited,1995-12-06
SWELECTES,Swelect Energy Systems Limited,2006-05-09
SWIGGY,Swiggy Limited,2024-11-13
SWSOLAR,Sterling and Wilson Renewable Energy Limited,2019-08-20
SYMPHONY,Symphony Limited,2011-06-15
SYNCOMF,Syncom Formulations (India) Limited,2022-11-18
SYNGENE,Syngene International Limited,2015-08-11
SYRMA,Syrma SGS Technology Limited,2022-08-26
SYSTMTXC,Systematix Corporate Services Limited,2025-10-06
TAALTECH,Taal Tech Limited,2026-04-20
TAINWALCHM,Tainwala Chemical and Plastic (I) Limited,1995-07-27
TAJGVK,Taj GVK Hotels & Resorts Limited,2000-12-20
TAKE,Take Solutions Limited,2007-08-27
TALBROAUTO,Talbros Automotive Components Limited,2006-09-29
TAMBOLIIN,Tamboli Industries Limited,2026-04-20
TANLA,Tanla Platforms Limited,2007-01-05
TARACHAND,Tara Chand InfraLogistic Solutions Limited,2024-04-16
TARAPUR,Tarapur Transformers Limited,2010-05-18
TARC,TARC Limited,2020-12-18
TARIL,Transformers And Rectifiers (India) Limited,2007-12-28
TARMAT,Tarmat Limited,2007-07-09
TARSONS,Tarsons Products Limited,2021-11-26
TASTYBITE,Tasty Bite Eatables Limited,2017-03-23
TATACAP,Tata Capital Limited,2025-10-13
TATACHEM,Tata Chemicals Limited,1999-04-01
TATACOMM,Tata Communications Limited,1995-04-12
TATACONSUM,TATA CONSUMER PRODUCTS LIMITED,1998-11-18
TATAELXSI,Tata Elxsi Limited,2003-09-17
TATAINVEST,Tata Investment Corporation Limited,1998-06-24
TATAPOWER,Tata Power Company Limited,1996-04-03
TATASTEEL,Tata Steel Limited,1998-11-18
TATATECH,Tata Technologies Limited,2023-11-30
TATVA,Tatva Chintan Pharma Chem Limited,2021-07-29
TBOTEK,TBO Tek Limited,2024-05-15
TBZ,Tribhovandas Bhimji Zaveri Limited,2012-05-09
TCC,TCC Concept Limited,2026-02-25
TCI,Transport Corporation of India Limited,2002-01-21
TCIEXP,TCI Express Limited,2016-12-15
TCIFINANCE,TCI Finance Limited,1997-05-21
TCPLPACK,TCPL Packaging Limited,2017-10-17
TCS,Tata Consultancy Services Limited,2004-08-25
TDPOWERSYS,TD Power Systems Limited,2011-09-08
TEAMGTY,Team India Guaranty Limited,2002-06-11
TEAMLEASE,Teamlease Services Limited,2016-02-12
TECHM,Tech Mahindra Limited,2006-08-28
TECHNOE,Techno Electric & Engineering Company Limited,2018-12-04
TECHNVISN,TechNVision Ventures Limited,2026-04-20
TECILCHEM,TECIL Chemicals and Hydro Power Limited,1995-12-06
TEGA,Tega Industries Limited,2021-12-13
TEJASNET,Tejas Networks Limited,2017-06-27
TEMBO,Tembo Global Industries Limited,2021-04-23
TENNIND,Tenneco Clean Air India Limited,2025-11-19
TERASOFT,Tera Software Limited,2016-12-29
TEXINFRA,Texmaco Infrastructure & Holdings Limited,2004-09-09
TEXMOPIPES,Texmo Pipes and Products Limited,2010-03-10
TEXRAIL,Texmaco Rail & Engineering Limited,2011-03-03
TFCILTD,Tourism Finance Corporation of India Limited,2000-07-26
TFL,Transwarranty Finance Limited,2007-02-26
TGBHOTELS,TGB Banquets And Hotels Limited,2007-05-17
THACKER,Thacker & Company Limited,2026-04-20
THAKDEV,Thakkers Developers Limited,2026-04-20
THANGAMAYL,Thangamayil Jewellery Limited,2010-02-19
THEINVEST,The Investment Trust Of India Limited,2017-08-02
THEJO,Thejo Engineering Limited,2023-10-10
THELEELA,Leela Palaces Hotels & Resorts Limited,2025-06-02
THEMISMED,Themis Medicare Limited,2007-04-02
THERMAX,Thermax Limited,1995-08-30
THOMASCOOK,Thomas Cook  (India)  Limited,2000-06-07
THOMASCOTT,Thomas Scott (India) Limited,2012-01-30
THYROCARE,Thyrocare Technologies Limited,2016-05-09
TI,Tilaknagar Industries Limited,2010-07-16
TICL,Twamev Construction and Infrastructure Limited,2023-10-16
TIGERLOGS,Tiger Logistics (India) Limited,2025-09-18
TIIL,Technocraft Industries (India) Limited,2007-02-12
TIINDIA,Tube Investments of India Limited,2017-11-02
TIJARIA,Tijaria Polypipes Limited,2011-10-14
TIL,TIL Limited,1995-09-27
TIMETECHNO,Time Technoplast Limited,2007-06-13
TIMEX,Timex Group India Limited,2026-04-20
TIMKEN,Timken India Limited,2007-02-06
TINNARUBR,Tinna Rubber and Infrastructure Limited,2025-04-17
TIPSFILMS,Tips Films Limited,2022-10-06
TIPSMUSIC,Tips Music Limited,2000-11-10
TIRUMALCHM,Thirumalai Chemicals Limited,2003-05-14
TIRUPATIFL,Tirupati Forge Limited,2020-08-04
TITAGARH,TITAGARH RAIL SYSTEMS LIMITED,2008-04-21
TITAN,Titan Company Limited,2004-09-24
TMB,Tamilnad Mercantile Bank Limited,2022-09-15
TMCV,Tata Motors Limited,2025-11-12
TMPV,Tata Motors Passenger Vehicles Limited,1998-07-22
TNPETRO,Tamilnadu PetroProducts Limited,1999-10-27
TNPL,Tamil Nadu Newsprint & Papers Limited,1996-02-14
TNTELE,Tamilnadu Telecommunication Limited,2003-02-04
TOKYOPLAST,Tokyo Plast International Limited,1995-10-11
TOLINS,Tolins Tyres Limited,2024-09-16
TORNTPHARM,Torrent Pharmaceuticals Limited,2002-11-25
TORNTPOWER,Torrent Power Limited,2006-11-28
TOTAL,Total Transport Systems Limited,2020-08-28
TOUCHWOOD,Touchwood Entertainment Limited,2020-01-21
TPHQ,Teamo Productions HQ Limited,2009-01-30
TPLPLASTEH,TPL Plastech Limited,2015-05-20
TRACXN,Tracxn Technologies Limited,2022-10-20
TRANSPEK,Transpek Industry Limited,2026-04-20
TRANSRAILL,Transrail Lighting Limited,2024-12-27
TRANSWORLD,TRANSWORLD SHIPPING LINES LIMITED,1995-03-01
TRAVELFOOD,Travel Food Services Limited,2025-07-14
TREEHOUSE,Tree House Education & Accessories Limited,2011-08-26
TREJHARA,TREJHARA SOLUTIONS LIMITED,2018-12-28
TREL,Transindia Real Estate Limited,2023-08-10
TRENT,Trent Limited,2004-06-07
TRF,TRF Limited,2010-03-26
TRIDENT,Trident Limited,2001-02-21
TRIGYN,Trigyn Technologies Limited,1998-04-09
TRITURBINE,Triveni Turbine Limited,2011-10-28
TRIVENI,Triveni Engineering & Industries Limited,2005-12-13
TRU,TruCap Finance Limited,2023-06-20
TRUALT,TruAlt Bioenergy Limited,2025-10-03
TSFINV,TSF INVESTMENTS LIMITED,2018-03-26
TTKHLTCARE,TTK Healthcare Limited,2015-12-02
TTKPRESTIG,TTK Prestige Limited,1999-12-22
TTL,T T Limited,2007-02-22
TTML,Tata Teleservices (Maharashtra) Limited,2000-10-20
TVSELECT,TVS Electronics Limited,2003-12-26
TVSHLTD,TVS Holdings Limited,2012-10-23
TVSMOTOR,TVS Motor Company Limited,2000-08-02
TVSSCS,TVS Supply Chain Solutions Limited,2023-08-23
TVSSRICHAK,TVS Srichakra Limited,2007-02-13
TVTODAY,TV Today Network Limited,2004-01-16
TVVISION,TV Vision Limited,2016-09-15
UBL,United Breweries Limited,2008-07-28
UCAL,UCAL LIMITED,1995-09-13
UCOBANK,UCO Bank,2003-10-09
UDS,Updater Services Limited,2023-10-04
UEL,Ujaas Energy Limited,2024-04-16
UFBL,United Foodbrands Limited,2021-04-07
UFLEX,UFLEX Limited,1995-08-23
UFO,UFO Moviez India Limited,2015-05-14
UGARSUGAR,The Ugar Sugar Works Limited,2010-08-23
UGROCAP,Ugro Capital Limited,2021-08-11
UJJIVANSFB,Ujjivan Small Finance Bank Limited,2019-12-12
ULTRACEMCO,UltraTech Cement Limited,2004-08-24
ULTRAMAR,Ultramarine & Pigments Limited,2026-04-20
UMAEXPORTS,Uma Exports Limited,2022-04-07
UMESLTD,Usha Martin Education & Solutions Limited,2010-07-12
UMIYA-MRO,UMIYA BUILDCON LIMITED,2000-11-01
UNICHEMLAB,Unichem Laboratories Limited,2001-02-07
UNIDT,United Drilling Tools Limited,2020-09-25
UNIECOM,Unicommerce Esolutions Limited,2024-08-13
UNIENTER,Uniphos Enterprises Limited,2004-01-23
UNIINFO,Uniinfo Telecom Services Limited,2022-01-12
UNIMECH,Unimech Aerospace and Manufacturing Limited,2024-12-31
UNIONBANK,Union Bank of India,2002-09-24
UNIPARTS,Uniparts India Limited,2022-12-12
UNITDSPR,United Spirits Limited,2001-09-27
UNITECH,Unitech Limited,1999-09-08
UNITEDPOLY,United Polyfab Gujarat Limited,2021-12-31
UNITEDTEA,The United Nilgiri Tea Estates Company Limited,2015-01-28
UNIVASTU,Univastu India Limited,2020-06-22
UNIVCABLES,Universal Cables Limited,1995-05-17
UNIVPHOTO,Universus Photo Imagings Limited,2020-02-14
UNOMINDA,UNO Minda Limited,2007-02-02
UPL,UPL Limited,2004-01-23
URAVIDEF,Uravi Defence and Technology Limited,2023-07-05
URBANCO,Urban Company Limited,2025-09-17
URJA,Urja Global Limited,2017-03-28
USHAMART,Usha Martin Limited,2000-10-11
USK,Udayshivakumar Infra Limited,2023-04-03
UTIAMC,UTI Asset Management Company Limited,2020-10-12
UTKARSHBNK,Utkarsh Small Finance Bank Limited,2023-07-21
UTLSOLAR,Fujiyama Power Systems Limited,2025-11-20
UTTAMSUGAR,Uttam Sugar Mills Limited,2006-04-10
UYFINCORP,U. Y. Fincorp Limited,2024-10-03
V2RETAIL,V2 Retail Limited,2007-07-04
VADILALIND,Vadilal Industries Limited,2011-06-15
VAIBHAVGBL,Vaibhav Global Limited,2004-04-05
VAISHALI,Vaishali Pharma Limited,2020-01-15
VAKRANGEE,Vakrangee Limited,2006-04-03
VALIANTLAB,Valiant Laboratories Limited,2023-10-06
VALIANTORG,Valiant Organics Limited,2021-07-23
VAML,Vedanta Aluminium Metal Limited,2026-06-15
VARDHACRLC,Vardhman Acrylics Limited,2003-09-30
VARDMNPOLY,Vardhman Polytex Limited,2003-05-12
VARROC,Varroc Engineering Limited,2018-07-06
VASCONEQ,Vascon Engineers Limited,2010-02-15
VASWANI,Vaswani Industries Limited,2011-09-20
VBL,Varun Beverages Limited,2016-11-08
VCL,Vaxtex Cotfab Limited,2022-04-19
VEDL,Vedanta Limited,1998-05-13
VEDPOWER,Vedanta Power Limited,2026-06-15
VEEDOL,Veedol Corporation Limited,2007-01-16
VELJAN,Veljan Denison Limited,2026-04-20
VENKEYS,Venky's (India) Limited,2003-07-28
VENTIVE,Ventive Hospitality Limited,2024-12-30
VENUSPIPES,Venus Pipes & Tubes Limited,2022-05-24
VENUSREM,Venus Remedies Limited,2006-12-20
VERANDA,Veranda Learning Solutions Limited,2022-04-11
VERTOZ,Vertoz Limited,2020-05-14
VESUVIUS,Vesuvius India Limited,2002-10-04
VETO,Veto Switchgears And Cables Limited,2015-04-29
VGL,VARVEE GLOBAL LIMITED,2006-11-21
VGUARD,V-Guard Industries Limited,2008-03-13
VHL,Vardhman Holdings Limited,2005-06-30
VHLTD,Viceroy Hotels Limited,2024-04-03
VIDHIING,Vidhi Specialty Food Ingredients Limited,2016-03-02
VIDYAWIRES,Vidya Wires Limited,2025-12-10
VIJAYA,Vijaya Diagnostic Centre Limited,2021-09-14
VIJIFIN,Viji Finance Limited,2016-07-11
VIKASECO,Vikas EcoTech Limited,2011-12-12
VIKASLIFE,Vikas Lifecare Limited,2019-05-08
VIKRAMSOLR,Vikram Solar Limited,2025-08-26
VIKRAN,Vikran Engineering Limited,2025-09-03
VIMTALABS,Vimta Labs Limited,2005-12-15
VINATIORGA,Vinati Organics Limited,2009-07-28
VINCOFE,Vintage Coffee And Beverages Limited,2024-10-18
VINDHYATEL,Vindhya Telelinks Limited,1995-02-08
VINEETLAB,Vineet Laboratories Limited,2021-06-15
VINNY,Vinny Overseas Limited,2022-11-28
VINYLINDIA,Vinyl Chemicals (India) Limited,2008-07-21
VIPCLOTHNG,VIP Clothing Limited,2007-08-06
VIPIND,VIP Industries Limited,2005-03-02
VIPULLTD,Vipul Limited,2015-04-23
VIRINCHI,Virinchi Limited,2023-05-03
VISACHROME,VISA Chrome Limited,2006-03-17
VISAKAIND,Visaka Industries Limited,1996-08-28
VISHNU,Vishnu Chemicals Limited,2015-03-05
VISHWARAJ,Vishwaraj Sugar Industries Limited,2019-10-15
VISL,Vedanta Iron and Steel Limited,2026-06-15
VITAL,Vital Chemtech Limited,2026-03-11
VIVIANA,Viviana Power Tech Limited,2026-06-02
VIVIDHA,Visagar Polytex Limited,2013-05-21
VIVIMEDLAB,Vivimed Labs Limited,2005-08-17
VIYASH,Viyash Scientific Limited,2016-03-10
VLEGOV,VL E-Governance & IT Solutions Limited,2023-08-14
VLSFINANCE,VLS Finance Limited,1995-05-25
VMART,V-Mart Retail Limited,2013-02-20
VMM,Vishal Mega Mart Limited,2024-12-18
VMSTMT,VMS TMT Limited,2025-09-24
VOGL,Vedanta Oil and Gas Limited,2026-06-15
VOLTAMP,Voltamp Transformers Limited,2006-09-20
VOLTAS,Voltas Limited,1995-04-12
VPRPL,Vishnu Prakash R Punglia Limited,2023-09-05
VRAJ,Vraj Iron and Steel Limited,2024-07-03
VRLLOG,VRL Logistics Limited,2015-04-30
VSSL,Vardhman Special Steels Limited,2012-05-17
VSTIND,VST Industries Limited,2003-09-05
VSTL,Vibhor Steel Tubes Limited,2024-02-20
VSTTILLERS,V.S.T Tillers Tractors Limited,2011-06-20
VTL,Vardhman Textiles Limited,2003-01-14
WAAREEENER,Waaree Energies Limited,2024-10-28
WAAREEINDO,Indosolar Limited,2010-09-29
WAAREERTL,Waaree Renewable Technologies Limited,2025-04-09
WABAG,VA Tech Wabag Limited,2010-10-13
WAKEFIT,Wakefit Innovations Limited,2025-12-15
WALCHANNAG,Walchandnagar Industries Limited,1996-09-18
WANBURY,Wanbury Limited,2007-01-29
WCIL,Western Carriers (India) Limited,2024-09-24
WEALTH,Wealth First Portfolio Managers Limited,2021-01-20
WEBELSOLAR,Websol Energy System Limited,2007-05-15
WEIZMANIND,Weizmann Limited,1995-05-10
WEL,Wonder Electricals Limited,2022-01-17
WELCORP,Welspun Corp Limited,2005-05-24
WELENT,Welspun Enterprises Limited,2004-11-04
WELINV,Welspun Investments and Commercials Limited,2010-09-20
WELSPLSOL,Welspun Specialty Solutions Limited,2026-04-20
WELSPUNLIV,Welspun Living Limited,2003-12-04
WENDT,Wendt (India) Limited,2006-08-07
WESTLIFE,WESTLIFE FOODWORLD LIMITED,2023-06-05
WEWIN,WE WIN LIMITED,2022-06-15
WEWORK,WeWork India Management Limited,2025-10-10
WHEELS,Wheels India Limited,2000-04-07
WHIRLPOOL,Whirlpool of India Limited,2010-04-06
WILLAMAGOR,Williamson Magor & Company Limited,1995-02-08
WINDLAS,Windlas Biotech Limited,2021-08-16
WINDMACHIN,Windsor Machines Limited,2011-08-17
WINSOME,Winsome Yarns Limited,2011-08-25
WIPL,The Western India Plywoods Limited,2017-04-17
WIPRO,Wipro Limited,1995-11-08
WOCKPHARMA,Wockhardt Limited,2000-02-23
WONDERLA,Wonderla Holidays Limited,2014-05-09
WORTHPERI,Worth Peripherals Limited,2020-08-04
WPIL,WPIL Limited,2026-04-20
WSI,W S Industries (I) Limited,2007-08-01
WSTCSTPAPR,West Coast Paper Mills Limited,2001-01-17
XCHANGING,Xchanging Solutions Limited,2005-03-09
XELPMOC,Xelpmoc Design And Tech Limited,2019-02-04
XPROINDIA,Xpro India Limited,2004-04-27
XTGLOBAL,Xtglobal Infotech Limited,2024-09-16
YASHO,Yasho Industries Limited,2023-08-21
YATHARTH,Yatharth Hospital & Trauma Care Services Limited,2023-08-07
YATRA,Yatra Online Limited,2023-09-28
YESBANK,Yes Bank Limited,2005-07-12
YUKEN,Yuken India Limited,2021-09-02
ZAGGLE,Zaggle Prepaid Ocean Services Limited,2023-09-22
ZEEL,Zee Entertainment Enterprises Limited,1998-09-09
ZEELEARN,Zee Learn Limited,2010-12-20
ZEEMEDIA,Zee Media Corporation Limited,2007-01-10
ZENITHEXPO,Zenith Exports Limited,1996-07-10
ZENITHSTL,Zenith Steel Pipes & Industries Limited,2007-04-30
ZENSARTECH,Zensar Technologies Limited,2003-07-09
ZENTEC,Zen Technologies Limited,2015-03-30
ZFCVINDIA,ZF Commercial Vehicle Control Systems India Limited,2008-10-01
ZFSTEERING,ZF Steering Gear (India) Limited,2026-04-20
ZIMLAB,Zim Laboratories Limited,2022-11-25
ZODIAC,Zodiac Energy Limited,2021-12-14
ZODIACLOTH,Zodiac Clothing Company Limited,1995-09-27
ZOTA,Zota Health Care LImited,2019-08-19
ZSARACOM,Saraswati Commercial India Limited,2026-04-20
ZUARI,Zuari Agro Chemicals Limited,2012-11-27
ZUARIIND,ZUARI INDUSTRIES LIMITED,1995-04-12
ZYDUSLIFE,Zydus Lifesciences Limited,2000-04-18
ZYDUSWELL,Zydus Wellness Limited,2009-11-13
